model_output_id,canonical_sci,canonical_zh,canonical_en,family_sci,family_zh,order_sci,iucn,protect_level,v3_n,v1_n,aug_n,in_china_v12,note
0,Abroscopus albogularis,棕脸鹟莺,rufous faced warbler,Cettiidae,树莺科,PASSERIFORMES,LC,,415,415,0,true,
1,Abroscopus schisticeps,黑脸鹟莺,black faced warbler,Cettiidae,树莺科,PASSERIFORMES,LC,,82,82,0,true,
2,Abroscopus superciliaris,黄腹鹟莺,yellow bellied warbler,Cettiidae,树莺科,PASSERIFORMES,LC,,80,41,39,true,
3,Acanthis flammea,白腰朱顶雀,common redpoll,Fringillidae,燕雀科,PASSERIFORMES,LC,,159,159,0,true,极北朱顶雀和白腰朱顶雀合并，保留中文名白腰朱顶雀，英文名由Common Redpoll修改为Redpoll。从名录中移除极北朱顶雀（Chesser et al. 2024，Mason & Taylor 2015，Funk et al. 2021）
4,Accipiter nisus,雀鹰,eurasian sparrowhawk,Accipitridae,鹰科,ACCIPITRIFORMES,LC,二级,898,898,0,true,
5,Aceros nipalensis,棕颈犀鸟,rufous necked hornbill,Bucerotidae,犀鸟科,BUCEROTIFORMES,VU,一级,90,62,28,true,
6,Acridotheres albocinctus,白领八哥,collared myna,Sturnidae,椋鸟科,PASSERIFORMES,LC,,120,120,0,true,
7,Acridotheres burmannicus,红嘴椋鸟,vinous breasted starling,Sturnidae,椋鸟科,PASSERIFORMES,LC,,75,44,31,true,
8,Acridotheres cristatellus,八哥,crested myna,Sturnidae,椋鸟科,PASSERIFORMES,LC,,3086,3086,0,true,
9,Acridotheres grandis,林八哥,great myna,Sturnidae,椋鸟科,PASSERIFORMES,LC,,136,136,0,true,
10,Acridotheres tristis,家八哥,common myna,Sturnidae,椋鸟科,PASSERIFORMES,LC,,283,283,0,true,
11,Acrocephalus agricola,稻田苇莺,paddyfield warbler,Acrocephalidae,苇莺科,PASSERIFORMES,LC,,139,139,0,true,
12,Acrocephalus arundinaceus,大苇莺,great reed warbler,Acrocephalidae,苇莺科,PASSERIFORMES,LC,,116,116,0,true,
13,Acrocephalus bistrigiceps,黑眉苇莺,black browed reed warbler,Acrocephalidae,苇莺科,PASSERIFORMES,LC,,273,273,0,true,
14,Acrocephalus concinens,钝翅苇莺,blunt winged warbler,Acrocephalidae,苇莺科,PASSERIFORMES,LC,,104,104,0,true,
15,Acrocephalus dumetorum,布氏苇莺,blyth's reed warbler,Acrocephalidae,苇莺科,PASSERIFORMES,LC,,99,64,35,true,
16,Acrocephalus melanopogon,须苇莺,moustached warbler,Acrocephalidae,苇莺科,PASSERIFORMES,LC,,85,36,49,true,
17,Acrocephalus orientalis,东方大苇莺,oriental reed warbler,Acrocephalidae,苇莺科,PASSERIFORMES,LC,,480,480,0,true,
21,Acrocephalus stentoreus,噪大苇莺,clamorous reed warbler,Acrocephalidae,苇莺科,PASSERIFORMES,LC,,82,30,52,true,
22,Acrocephalus tangorum,远东苇莺,manchurian reed warbler,Acrocephalidae,苇莺科,PASSERIFORMES,VU,,82,82,0,true,
23,Actinodura cyanouroptera,蓝翅希鹛,blue winged minla,Leiothrichidae,噪鹛科,PASSERIFORMES,LC,,274,274,0,true,
24,Actinodura egertoni,锈额斑翅鹛,rusty fronted barwing,Leiothrichidae,噪鹛科,PASSERIFORMES,LC,,92,63,29,true,
25,Actinodura morrisoniana,台湾斑翅鹛,taiwan barwing,Leiothrichidae,噪鹛科,PASSERIFORMES,LC,,86,86,0,true,
26,Actinodura nipalensis,纹头斑翅鹛,hoary throated barwing,Leiothrichidae,噪鹛科,PASSERIFORMES,LC,,87,40,47,true,
27,Actinodura ramsayi,白眶斑翅鹛,spectacled barwing,Leiothrichidae,噪鹛科,PASSERIFORMES,LC,,92,64,28,true,
29,Actinodura strigula,斑喉希鹛,bar throated minla,Leiothrichidae,噪鹛科,PASSERIFORMES,LC,,112,112,0,true,
30,Actinodura waldeni,纹胸斑翅鹛,streak throated barwing,Leiothrichidae,噪鹛科,PASSERIFORMES,LC,,90,61,29,true,
31,Actitis hypoleucos,矶鹬,common sandpiper,Scolopacidae,丘鹬科,CHARADRIIFORMES,LC,,1268,1268,0,true,
32,Aegithalos bonvaloti,黑眉长尾山雀,black browed bushtit,Aegithalidae,长尾山雀科,PASSERIFORMES,LC,,92,62,30,true,
33,Aegithalos caudatus,北长尾山雀,long tailed tit,Aegithalidae,长尾山雀科,PASSERIFORMES,LC,,506,506,0,true,
34,Aegithalos concinnus,红头长尾山雀,black throated bushtit,Aegithalidae,长尾山雀科,PASSERIFORMES,LC,,2475,2475,0,true,
35,Aegithalos fuliginosus,银脸长尾山雀,sooty bushtit,Aegithalidae,长尾山雀科,PASSERIFORMES,LC,,190,190,0,true,
36,Aegithalos glaucogularis,银喉长尾山雀,silver throated bushtit,Aegithalidae,长尾山雀科,PASSERIFORMES,LC,,1748,1748,0,true,
37,Aegithalos iouschistos,棕额长尾山雀,rufous fronted bushtit,Aegithalidae,长尾山雀科,PASSERIFORMES,LC,,173,173,0,true,
38,Aegithina lafresnayei,大绿雀鹎,great iora,Aegithinidae,雀鹎科,PASSERIFORMES,LC,,115,115,0,true,
39,Aegithina tiphia,黑翅雀鹎,common iora,Aegithinidae,雀鹎科,PASSERIFORMES,LC,,253,253,0,true,
41,Aegypius monachus,秃鹫,cinereous vulture,Accipitridae,鹰科,ACCIPITRIFORMES,NT,一级,386,386,0,true,
42,Aerodramus brevirostris,短嘴金丝燕,himalayan swiftlet,Apodidae,雨燕科,APODIFORMES,LC,,135,135,0,true,
43,Aerodramus fuciphagus,爪哇金丝燕,edible nest swiftlet,Apodidae,雨燕科,APODIFORMES,LC,,80,80,0,true,爪哇金丝燕Aerodramus fuciphagus和戈氏金丝燕A.germani合并为一种A. fuciphagus，学名由Aerodramus germani改为Aerodramus fuciphagus，中文名由戈氏金丝燕改为爪哇金丝燕，应该文明由Germain's Swiftlet改为Edible-nest Swiftlet（Dickinson & Remsen 2013; del Hoyo & Collar 2014）
44,Aethopyga christinae,叉尾太阳鸟,fork tailed sunbird,Nectariniidae,太阳鸟科,PASSERIFORMES,LC,,925,925,0,true,
45,Aethopyga gouldiae,蓝喉太阳鸟,mrs gould's sunbird,Nectariniidae,太阳鸟科,PASSERIFORMES,LC,,344,344,0,true,
46,Aethopyga ignicauda,火尾太阳鸟,fire tailed sunbird,Nectariniidae,太阳鸟科,PASSERIFORMES,LC,,205,205,0,true,
47,Aethopyga nipalensis,绿喉太阳鸟,green tailed sunbird,Nectariniidae,太阳鸟科,PASSERIFORMES,LC,,122,122,0,true,
48,Aethopyga saturata,黑胸太阳鸟,black throated sunbird,Nectariniidae,太阳鸟科,PASSERIFORMES,LC,,251,251,0,true,
49,Aethopyga siparaja,黄腰太阳鸟,crimson sunbird,Nectariniidae,太阳鸟科,PASSERIFORMES,LC,,584,584,0,true,
50,Agraphospiza rubescens,赤朱雀,blanford's rosefinch,Fringillidae,燕雀科,PASSERIFORMES,LC,,157,157,0,true,
51,Agropsar philippensis,紫背椋鸟,chestnut cheeked starling,Sturnidae,椋鸟科,PASSERIFORMES,LC,,78,78,0,true,
52,Agropsar sturninus,北椋鸟,daurian starling,Sturnidae,椋鸟科,PASSERIFORMES,LC,,171,171,0,true,
53,Aix galericulata,鸳鸯,mandarin duck,Anatidae,鸭科,ANSERIFORMES,LC,二级,3065,3065,0,true,
54,Alauda arvensis,云雀,eurasian skylark,Alaudidae,百灵科,PASSERIFORMES,LC,二级,274,274,0,true,
55,Alauda gulgula,小云雀,oriental skylark,Alaudidae,百灵科,PASSERIFORMES,LC,,360,360,0,true,
57,Alauda leucoptera,白翅云雀,white winged lark,Alaudidae,百灵科,PASSERIFORMES,LC,,100,69,31,true,中文名由白翅百灵改为白翅云雀
58,Alaudala cheleensis,亚洲短趾百灵,asian short toed lark,Alaudidae,百灵科,PASSERIFORMES,LC,,107,107,0,true,
59,Alaudala heinei,中亚短趾百灵,turkestan short toed lark,Alaudidae,百灵科,PASSERIFORMES,NR,,90,40,50,true,
60,Alcedo atthis,普通翠鸟,common kingfisher,Alcedinidae,翠鸟科,CORACIIFORMES,LC,,2853,2853,0,true,
61,Alcedo hercules,斑头大翠鸟,blyth's kingfisher,Alcedinidae,翠鸟科,CORACIIFORMES,NT,二级,90,64,26,true,
62,Alcedo meninting,蓝耳翠鸟,blue eared kingfisher,Alcedinidae,翠鸟科,CORACIIFORMES,LC,二级,87,38,49,true,
63,Alcippe davidi,灰眶雀鹛,david's fulvetta,Alcippeidae,雀鹛科,PASSERIFORMES,NR,,175,175,0,true,
64,Alcippe fratercula,云南雀鹛,yunnan fulvetta,Alcippeidae,雀鹛科,PASSERIFORMES,NR,,144,144,0,true,
65,Alcippe hueti,淡眉雀鹛,huet's fulvetta,Alcippeidae,雀鹛科,PASSERIFORMES,NR,,565,565,0,true,
67,Alcippe nipalensis,白眶雀鹛,nepal fulvetta,Alcippeidae,雀鹛科,PASSERIFORMES,LC,,99,73,26,true,
68,Alcippe poioicephala,褐脸雀鹛,brown cheeked fulvetta,Alcippeidae,雀鹛科,PASSERIFORMES,LC,,94,94,0,true,
69,Alcurus striatus,纵纹绿鹎,striated bulbul,Pycnonotidae,鹎科,PASSERIFORMES,LC,,102,102,0,true,
70,Alectoris chukar,石鸡,chukar partridge,Phasianidae,雉科,GALLIFORMES,LC,,393,393,0,true,
71,Alectoris magna,大石鸡,rusty necklaced partridge,Phasianidae,雉科,GALLIFORMES,LC,二级,163,163,0,true,
72,Alophoixus flaveolus,黄腹冠鹎,white throated bulbul,Pycnonotidae,鹎科,PASSERIFORMES,LC,,135,135,0,true,
73,Alophoixus pallidus,白喉冠鹎,puff throated bulbul,Pycnonotidae,鹎科,PASSERIFORMES,LC,,180,180,0,true,
74,Amandava amandava,红梅花雀,red avadavat,Estrildidae,梅花雀科,PASSERIFORMES,LC,,242,242,0,true,
75,Amaurornis phoenicurus,白胸苦恶鸟,white breasted waterhen,Rallidae,秧鸡科,GRUIFORMES,LC,,1012,1012,0,true,
76,Ampeliceps coronatus,金冠树八哥,golden crested myna,Sturnidae,椋鸟科,PASSERIFORMES,LC,,79,31,48,true,
77,Anarhynchus alexandrinus,环颈鸻,kentish plover,Charadriidae,鸻科,CHARADRIIFORMES,LC,,553,553,0,true,由Charadrius属移入Anarhynchus属（dos Remedios et al. 2015; Eaton et al. 2021）
78,Anarhynchus asiaticus,红胸鸻,caspian plover,Charadriidae,鸻科,CHARADRIIFORMES,LC,,105,69,36,true,由Charadrius属移入Anarhynchus属（dos Remedios et al. 2015; Eaton et al. 2021）
79,Anarhynchus atrifrons,青藏沙鸻,tibetan sand plover,Charadriidae,鸻科,CHARADRIIFORMES,LC,,133,133,0,true,IUCN红色名录等级由NR调整为LC，将蒙古沙鸻的pamirensis、atrifrons、schaeferi亚种作为独立种青藏沙鸻Charadrius atrifrons（Wei et al. 2022）由Charadrius属移入Anarhynchus属（dos Remedios et al. 2015; Eaton et al. 2021）
80,Anarhynchus dealbatus,白脸鸻,white faced plover,Charadriidae,鸻科,CHARADRIIFORMES,LC,,82,46,36,true,IUCN红色名录等级由DD调整为LC，由Charadrius属移入Anarhynchus属（dos Remedios et al. 2015; Eaton et al. 2021）
81,Anarhynchus leschenaultii,铁嘴沙鸻,greater sand plover,Charadriidae,鸻科,CHARADRIIFORMES,LC,,200,200,0,true,由Charadrius属移入Anarhynchus属（dos Remedios et al. 2015; Eaton et al. 2021）
82,Anarhynchus mongolus,蒙古沙鸻,siberian sand plover,Charadriidae,鸻科,CHARADRIIFORMES,EN,,232,232,0,true,IUCN红色名录等级由LC升为EN，英文名由Lesser Sand Plover为Siberian Sand Plover，由Charadrius属移入Anarhynchus属（dos Remedios et al. 2015; Eaton et al. 2021）
83,Anarhynchus veredus,东方鸻,oriental plover,Charadriidae,鸻科,CHARADRIIFORMES,LC,,156,156,0,true,由Charadrius属移入Anarhynchus属（dos Remedios et al. 2015; Eaton et al. 2021）
84,Anas acuta,针尾鸭,northern pintail,Anatidae,鸭科,ANSERIFORMES,LC,,623,623,0,true,
86,Anas crecca,绿翅鸭,eurasian teal,Anatidae,鸭科,ANSERIFORMES,LC,,1618,1618,0,true,
88,Anas platyrhynchos,绿头鸭,mallard,Anatidae,鸭科,ANSERIFORMES,LC,,4244,4244,0,true,
89,Anas poecilorhyncha,印缅斑嘴鸭,indian spot billed duck,Anatidae,鸭科,ANSERIFORMES,LC,,158,158,0,true,
90,Anas zonorhyncha,斑嘴鸭,chinese spot billed duck,Anatidae,鸭科,ANSERIFORMES,LC,,2903,2903,0,true,
91,Anastomus oscitans,钳嘴鹳,asian openbill,Ciconiidae,鹳科,CICONIIFORMES,LC,,548,548,0,true,
92,Anhinga melanogaster,黑腹蛇鹈,oriental darter,Anhingidae,蛇鹈科,SULIFORMES,LC,,101,101,0,true,IUCN红色名录等级由NT降为LC
95,Anous stolidus,白顶玄燕鸥,brown noddy,Laridae,鸥科,CHARADRIIFORMES,LC,,75,42,33,true,
96,Anser albifrons,白额雁,greater white fronted goose,Anatidae,鸭科,ANSERIFORMES,LC,二级,522,522,0,true,
97,Anser anser,灰雁,greylag goose,Anatidae,鸭科,ANSERIFORMES,LC,,714,714,0,true,
98,Anser caerulescens,雪雁,snow goose,Anatidae,鸭科,ANSERIFORMES,LC,,435,435,0,true,
99,Anser cygnoides,鸿雁,swan goose,Anatidae,鸭科,ANSERIFORMES,EN,二级,1141,1141,0,true,IUCN红色名录等级由VU升为EN
100,Anser erythropus,小白额雁,lesser white fronted goose,Anatidae,鸭科,ANSERIFORMES,VU,二级,181,181,0,true,
101,Anser fabalis,豆雁,taiga bean goose,Anatidae,鸭科,ANSERIFORMES,LC,,421,421,0,true,
102,Anser indicus,斑头雁,bar headed goose,Anatidae,鸭科,ANSERIFORMES,LC,,504,504,0,true,
103,Anser serrirostris,短嘴豆雁,tundra bean goose,Anatidae,鸭科,ANSERIFORMES,NR,,382,382,0,true,
104,Anthipes monileger,白喉姬鹟,white gorgeted flycatcher,Muscicapidae,鹟科,PASSERIFORMES,LC,,133,133,0,true,
105,Anthracoceros albirostris,冠斑犀鸟,oriental pied hornbill,Bucerotidae,犀鸟科,BUCEROTIFORMES,LC,一级,203,203,0,true,
106,Anthreptes malacensis,褐喉食蜜鸟,brown throated sunbird,Nectariniidae,太阳鸟科,PASSERIFORMES,LC,,196,196,0,true,
107,Anthus campestris,平原鹨,tawny pipit,Motacillidae,鹡鸰科,PASSERIFORMES,LC,,83,83,0,true,
108,Anthus cervinus,红喉鹨,red throated pipit,Motacillidae,鹡鸰科,PASSERIFORMES,LC,,388,388,0,true,
109,Anthus godlewskii,布氏鹨,blyth's pipit,Motacillidae,鹡鸰科,PASSERIFORMES,LC,,79,79,0,true,
110,Anthus gustavi,北鹨,pechora pipit,Motacillidae,鹡鸰科,PASSERIFORMES,LC,,210,210,0,true,
111,Anthus hodgsoni,树鹨,olive backed pipit,Motacillidae,鹡鸰科,PASSERIFORMES,LC,,2312,2312,0,true,
112,Anthus japonicus,黄腹鹨,siberian pipit,Motacillidae,鹡鸰科,PASSERIFORMES,LC,,536,536,0,true,黄腹鹨的japonicus亚种提升为独立种，学名由Anthus rubescens改为Anthus japonicus，英文名由Buff-bellied Pipit改为Siberian Pipit
113,Anthus pratensis,草地鹨,meadow pipit,Motacillidae,鹡鸰科,PASSERIFORMES,LC,,270,270,0,true,
114,Anthus richardi,理氏鹨,richard's pipit,Motacillidae,鹡鸰科,PASSERIFORMES,LC,,235,235,0,true,
115,Anthus roseatus,粉红胸鹨,rosy pipit,Motacillidae,鹡鸰科,PASSERIFORMES,LC,,460,460,0,true,
116,Anthus rufulus,田鹨,paddyfield pipit,Motacillidae,鹡鸰科,PASSERIFORMES,LC,,251,251,0,true,
117,Anthus spinoletta,水鹨,water pipit,Motacillidae,鹡鸰科,PASSERIFORMES,LC,,845,845,0,true,
118,Anthus sylvanus,山鹨,upland pipit,Motacillidae,鹡鸰科,PASSERIFORMES,LC,,118,118,0,true,
119,Anthus trivialis,林鹨,tree pipit,Motacillidae,鹡鸰科,PASSERIFORMES,LC,,88,88,0,true,
120,Antigone antigone,赤颈鹤,sarus crane,Gruidae,鹤科,GRUIFORMES,VU,一级,77,33,44,true,
121,Antigone canadensis,沙丘鹤,sandhill crane,Gruidae,鹤科,GRUIFORMES,LC,二级,235,235,0,true,
122,Antigone vipio,白枕鹤,white naped crane,Gruidae,鹤科,GRUIFORMES,VU,一级,229,229,0,true,
123,Aplonis panayensis,亚洲辉椋鸟,asian glossy starling,Sturnidae,椋鸟科,PASSERIFORMES,LC,,89,43,46,true,2022年2月26日，海南海口，钟忠柱
125,Apus apus,普通雨燕,common swift,Apodidae,雨燕科,APODIFORMES,LC,,208,208,0,true,
126,Apus cooki,印支白腰雨燕,cook's swift,Apodidae,雨燕科,APODIFORMES,NR,,77,77,0,true,
127,Apus nipalensis,小白腰雨燕,house swift,Apodidae,雨燕科,APODIFORMES,LC,,310,310,0,true,
128,Apus pacificus,白腰雨燕,pacific swift,Apodidae,雨燕科,APODIFORMES,LC,,200,200,0,true,
129,Apus salimalii,华西白腰雨燕,salim ali's swift,Apodidae,雨燕科,APODIFORMES,NR,,76,60,16,true,中文名由青藏白腰雨燕改为华西白腰雨燕
130,Aquila chrysaetos,金雕,golden eagle,Accipitridae,鹰科,ACCIPITRIFORMES,LC,一级,552,552,0,true,
131,Aquila fasciata,白腹隼雕,bonelli's eagle,Accipitridae,鹰科,ACCIPITRIFORMES,LC,二级,200,200,0,true,
132,Aquila heliaca,白肩雕,eastern imperial eagle,Accipitridae,鹰科,ACCIPITRIFORMES,VU,一级,245,245,0,true,
133,Aquila nipalensis,草原雕,steppe eagle,Accipitridae,鹰科,ACCIPITRIFORMES,EN,一级,329,329,0,true,
134,Arachnothera longirostra,长嘴捕蛛鸟,little spiderhunter,Nectariniidae,太阳鸟科,PASSERIFORMES,LC,,178,178,0,true,
135,Arachnothera magna,纹背捕蛛鸟,streaked spiderhunter,Nectariniidae,太阳鸟科,PASSERIFORMES,LC,,280,280,0,true,
136,Arborophila ardens,海南山鹧鸪,hainan partridge,Phasianidae,雉科,GALLIFORMES,VU,一级,168,168,0,true,
137,Arborophila atrogularis,白颊山鹧鸪,white cheeked partridge,Phasianidae,雉科,GALLIFORMES,LC,二级,140,140,0,true,IUCN红色名录等级由NT降为LC
138,Arborophila brunneopectus,褐胸山鹧鸪,bar backed partridge,Phasianidae,雉科,GALLIFORMES,LC,二级,162,162,0,true,
140,Arborophila gingica,白眉山鹧鸪,white necklaced partridge,Phasianidae,雉科,GALLIFORMES,NT,二级,168,168,0,true,
142,Arborophila rufipectus,四川山鹧鸪,sichuan partridge,Phasianidae,雉科,GALLIFORMES,VU,一级,159,159,0,true,IUCN红色名录等级由EN降为VU
143,Arborophila rufogularis,红喉山鹧鸪,rufous throated partridge,Phasianidae,雉科,GALLIFORMES,LC,二级,187,187,0,true,
144,Arborophila torqueola,环颈山鹧鸪,common hill partridge,Phasianidae,雉科,GALLIFORMES,LC,二级,126,126,0,true,
145,Ardea alba,大白鹭,great egret,Ardeidae,鹭科,PELECANIFORMES,LC,,1769,1769,0,true,
146,Ardea cinerea,苍鹭,grey heron,Ardeidae,鹭科,PELECANIFORMES,LC,,3683,3683,0,true,
147,Ardea coromanda,牛背鹭,eastern cattle egret,Ardeidae,鹭科,PELECANIFORMES,NR,,635,635,0,true,由Bubulcus属移入Ardea属，学名由Bubulcus coromandus改为Ardea coromanda（Hruska et al. 2023；Chesser et al. 2024）
149,Ardea intermedia,中白鹭,intermediate egret,Ardeidae,鹭科,PELECANIFORMES,LC,,552,552,0,true,
150,Ardea purpurea,草鹭,purple heron,Ardeidae,鹭科,PELECANIFORMES,LC,,537,537,0,true,
152,Ardenna grisea,灰鹱,sooty shearwater,Procellariidae,鹱科,PROCELLARIIFORMES,NT,,104,73,31,true,
154,Ardenna tenuirostris,短尾鹱,short tailed shearwater,Procellariidae,鹱科,PROCELLARIIFORMES,LC,,88,62,26,true,
155,Ardeola bacchus,池鹭,chinese pond heron,Ardeidae,鹭科,PELECANIFORMES,LC,,2704,2704,0,true,
156,Ardeola grayii,印度池鹭,indian pond heron,Ardeidae,鹭科,PELECANIFORMES,LC,,89,73,16,true,
157,Ardeola speciosa,爪哇池鹭,javan pond heron,Ardeidae,鹭科,PELECANIFORMES,LC,,92,62,30,true,
158,Arenaria interpres,翻石鹬,ruddy turnstone,Scolopacidae,丘鹬科,CHARADRIIFORMES,NT,二级,248,248,0,true,IUCN红色名录等级由LC升为NT
159,Artamus fuscus,灰燕鵙,ashy woodswallow,Artamidae,燕鵙科,PASSERIFORMES,LC,,109,109,0,true,
160,Arundinax aedon,厚嘴苇莺,thick billed warbler,Acrocephalidae,苇莺科,PASSERIFORMES,LC,,97,97,0,true,
162,Asio flammeus,短耳鸮,short eared owl,Strigidae,鸱鸮科,STRIGIFORMES,LC,二级,147,147,0,true,
163,Asio otus,长耳鸮,long eared owl,Strigidae,鸱鸮科,STRIGIFORMES,LC,二级,465,465,0,true,
164,Astur gentilis,苍鹰,eurasian goshawk,Accipitridae,鹰科,ACCIPITRIFORMES,LC,二级,312,312,0,true,英文名由Northern Goshawk改为Eurasian Goshawk，由Accipiter属移入重新恢复的Astur属（Lerner & Mindell 2005；Mindell et al. 2018；Sangster et al.2021；Catanach et al.2024）
166,Athene noctua,纵纹腹小鸮,little owl,Strigidae,鸱鸮科,STRIGIFORMES,LC,二级,319,319,0,true,
167,Aviceda jerdoni,褐冠鹃隼,jerdon's baza,Accipitridae,鹰科,ACCIPITRIFORMES,LC,二级,199,199,0,true,
168,Aviceda leuphotes,黑冠鹃隼,black baza,Accipitridae,鹰科,ACCIPITRIFORMES,LC,二级,470,470,0,true,
170,Aythya baeri,青头潜鸭,baer's pochard,Anatidae,鸭科,ANSERIFORMES,CR,一级,581,581,0,true,
171,Aythya collaris,环颈潜鸭,ring necked duck,Anatidae,鸭科,ANSERIFORMES,LC,,88,57,31,true,
172,Aythya ferina,红头潜鸭,common pochard,Anatidae,鸭科,ANSERIFORMES,VU,,781,781,0,true,
173,Aythya fuligula,凤头潜鸭,tufted duck,Anatidae,鸭科,ANSERIFORMES,LC,,774,774,0,true,
174,Aythya marila,斑背潜鸭,greater scaup,Anatidae,鸭科,ANSERIFORMES,LC,,426,426,0,true,
175,Aythya nyroca,白眼潜鸭,ferruginous pochard,Anatidae,鸭科,ANSERIFORMES,NT,,547,547,0,true,
176,Aythya valisineria,帆背潜鸭,canvasback,Anatidae,鸭科,ANSERIFORMES,LC,,206,206,0,true,
177,Bambusicola fytchii,棕胸竹鸡,mountain bamboo partridge,Phasianidae,雉科,GALLIFORMES,LC,,157,157,0,true,
179,Bambusicola thoracicus,灰胸竹鸡,chinese bamboo partridge,Phasianidae,雉科,GALLIFORMES,LC,,493,493,0,true,
181,Blythipicus pyrrhotis,黄嘴栗啄木鸟,bay woodpecker,Picidae,啄木鸟科,PICIFORMES,LC,,103,103,0,true,
182,Bombycilla garrulus,太平鸟,bohemian waxwing,Bombycillidae,太平鸟科,PASSERIFORMES,LC,,572,572,0,true,
183,Bombycilla japonica,小太平鸟,japanese waxwing,Bombycillidae,太平鸟科,PASSERIFORMES,NT,,804,804,0,true,
184,Botaurus cinnamomeus,栗苇鳽,cinnamon bittern,Ardeidae,鹭科,PELECANIFORMES,LC,,178,178,0,true,由Ixobrychus属归入Botaurus属（Päckert et al. 2014；Hruska et al. 2023；Chesser et al. 2024）
185,Botaurus eurhythmus,紫背苇鳽,von schrenck's bittern,Ardeidae,鹭科,PELECANIFORMES,LC,,150,150,0,true,由Ixobrychus属归入Botaurus属（Päckert et al. 2014；Hruska et al. 2023；Chesser et al. 2024）
186,Botaurus flavicollis,黑鳽,black bittern,Ardeidae,鹭科,PELECANIFORMES,LC,,247,247,0,true,由Ixobrychus属归入Botaurus属（Päckert et al. 2014；Hruska et al. 2023；Chesser et al. 2024）
187,Botaurus minutus,小苇鳽,little bittern,Ardeidae,鹭科,PELECANIFORMES,LC,二级,107,60,47,true,由Ixobrychus属归入Botaurus属（Päckert et al. 2014；Hruska et al. 2023；Chesser et al. 2024）
188,Botaurus sinensis,黄苇鳽,yellow bittern,Ardeidae,鹭科,PELECANIFORMES,LC,,314,314,0,true,由Ixobrychus属归入Botaurus属（Päckert et al. 2014；Hruska et al. 2023；Chesser et al. 2024）
189,Botaurus stellaris,大麻鳽,great bittern,Ardeidae,鹭科,PELECANIFORMES,LC,,392,392,0,true,
191,Brachypteryx cruralis,喜山短翅鸫,himalayan shortwing,Muscicapidae,鹟科,PASSERIFORMES,LC,,75,40,35,true,IUCN红色名录等级改为LC
194,Brachypteryx leucophris,白喉短翅鸫,lesser shortwing,Muscicapidae,鹟科,PASSERIFORMES,LC,,82,82,0,true,
195,Brachypteryx sinensis,中华短翅鸫,chinese shortwing,Muscicapidae,鹟科,PASSERIFORMES,LC,,84,74,10,true,IUCN红色名录等级改为LC
197,Branta bernicla,黑雁,brant goose,Anatidae,鸭科,ANSERIFORMES,LC,,125,125,0,true,
199,Branta hutchinsii,小美洲黑雁,cackling goose,Anatidae,鸭科,ANSERIFORMES,LC,,126,126,0,true,
200,Branta leucopsis,白颊黑雁,barnacle goose,Anatidae,鸭科,ANSERIFORMES,LC,,95,67,28,true,
201,Branta ruficollis,红胸黑雁,red breasted goose,Anatidae,鸭科,ANSERIFORMES,VU,二级,219,219,0,true,
202,Bubo bubo,雕鸮,eurasian eagle owl,Strigidae,鸱鸮科,STRIGIFORMES,LC,二级,231,231,0,true,
203,Bubo scandiacus,雪鸮,snowy owl,Strigidae,鸱鸮科,STRIGIFORMES,VU,二级,194,194,0,true,
204,Bucanetes mongolicus,蒙古沙雀,mongolian finch,Fringillidae,燕雀科,PASSERIFORMES,LC,,169,169,0,true,
205,Bucephala clangula,鹊鸭,common goldeneye,Anatidae,鸭科,ANSERIFORMES,LC,,343,343,0,true,
206,Buceros bicornis,双角犀鸟,great hornbill,Bucerotidae,犀鸟科,BUCEROTIFORMES,VU,一级,132,97,35,true,
207,Bulweria bulwerii,褐燕鹱,bulwer's petrel,Procellariidae,鹱科,PROCELLARIIFORMES,LC,,98,98,0,true,
209,Butastur indicus,灰脸鵟鹰,grey faced buzzard,Accipitridae,鹰科,ACCIPITRIFORMES,LC,二级,382,382,0,true,
212,Buteo buteo,欧亚鵟,common buzzard,Accipitridae,鹰科,ACCIPITRIFORMES,LC,二级,158,158,0,true,
213,Buteo hemilasius,大鵟,upland buzzard,Accipitridae,鹰科,ACCIPITRIFORMES,LC,二级,552,552,0,true,
214,Buteo japonicus,普通鵟,eastern buzzard,Accipitridae,鹰科,ACCIPITRIFORMES,LC,二级,1138,1138,0,true,
215,Buteo lagopus,毛脚鵟,rough legged buzzard,Accipitridae,鹰科,ACCIPITRIFORMES,LC,二级,213,213,0,true,
216,Buteo refectus,喜山鵟,himalayan buzzard,Accipitridae,鹰科,ACCIPITRIFORMES,LC,二级,137,137,0,true,
217,Buteo rufinus,棕尾鵟,long legged buzzard,Accipitridae,鹰科,ACCIPITRIFORMES,LC,二级,142,142,0,true,
218,Butorides striata,绿鹭,striated heron,Ardeidae,鹭科,PELECANIFORMES,LC,,209,209,0,true,
219,Cacomantis merulinus,八声杜鹃,plaintive cuckoo,Cuculidae,杜鹃科,CUCULIFORMES,LC,,163,163,0,true,
220,Cacomantis sonneratii,栗斑杜鹃,banded bay cuckoo,Cuculidae,杜鹃科,CUCULIFORMES,LC,,103,54,49,true,
221,Calandrella acutirostris,细嘴短趾百灵,hume's short toed lark,Alaudidae,百灵科,PASSERIFORMES,LC,,158,158,0,true,
222,Calandrella brachydactyla,大短趾百灵,greater short toed lark,Alaudidae,百灵科,PASSERIFORMES,LC,,149,149,0,true,
223,Calandrella dukhunensis,蒙古短趾百灵,mongolian short toed lark,Alaudidae,百灵科,PASSERIFORMES,LC,,138,138,0,true,
224,Calcarius lapponicus,铁爪鹀,lapland longspur,Calcariidae,铁爪鹀科,PASSERIFORMES,LC,,215,215,0,true,
225,Calidris acuminata,尖尾滨鹬,sharp tailed sandpiper,Scolopacidae,丘鹬科,CHARADRIIFORMES,VU,,264,264,0,true,IUCN红色名录等级由LC升为VU
226,Calidris alba,三趾滨鹬,sanderling,Scolopacidae,丘鹬科,CHARADRIIFORMES,LC,,406,406,0,true,
227,Calidris alpina,黑腹滨鹬,dunlin,Scolopacidae,丘鹬科,CHARADRIIFORMES,NT,,864,864,0,true,IUCN红色名录等级由LC升为NT
228,Calidris bairdii,黑腰滨鹬,baird's sandpiper,Scolopacidae,丘鹬科,CHARADRIIFORMES,LC,,81,33,48,true,2022年9月12日，浙江温州瑞安，常惠、刘勇、庄磊隽、严志文、方明和、许莉颖、刘爱华、王晓梅、刘海、王翠（严志文等，2023）
229,Calidris canutus,红腹滨鹬,red knot,Scolopacidae,丘鹬科,CHARADRIIFORMES,NT,,311,311,0,true,
230,Calidris falcinellus,阔嘴鹬,broad billed sandpiper,Scolopacidae,丘鹬科,CHARADRIIFORMES,VU,二级,204,204,0,true,IUCN红色名录等级由LC升为VU
231,Calidris ferruginea,弯嘴滨鹬,curlew sandpiper,Scolopacidae,丘鹬科,CHARADRIIFORMES,VU,,279,279,0,true,IUCN红色名录等级由NT升为VU
235,Calidris melanotos,斑胸滨鹬,pectoral sandpiper,Scolopacidae,丘鹬科,CHARADRIIFORMES,LC,,170,170,0,true,
236,Calidris minuta,小滨鹬,little stint,Scolopacidae,丘鹬科,CHARADRIIFORMES,LC,,258,258,0,true,
238,Calidris pugnax,流苏鹬,ruff,Scolopacidae,丘鹬科,CHARADRIIFORMES,LC,,241,241,0,true,
239,Calidris pygmaea,勺嘴鹬,spoon billed sandpiper,Scolopacidae,丘鹬科,CHARADRIIFORMES,CR,一级,622,622,0,true,
240,Calidris ruficollis,红颈滨鹬,red necked stint,Scolopacidae,丘鹬科,CHARADRIIFORMES,NT,,381,381,0,true,
241,Calidris subminuta,长趾滨鹬,long toed stint,Scolopacidae,丘鹬科,CHARADRIIFORMES,LC,,435,435,0,true,
243,Calidris temminckii,青脚滨鹬,temminck's stint,Scolopacidae,丘鹬科,CHARADRIIFORMES,LC,,337,337,0,true,
244,Calidris tenuirostris,大滨鹬,great knot,Scolopacidae,丘鹬科,CHARADRIIFORMES,EN,二级,226,226,0,true,
246,Calliope calliope,红喉歌鸲,siberian rubythroat,Muscicapidae,鹟科,PASSERIFORMES,LC,二级,371,371,0,true,
248,Calliope pectardens,金胸歌鸲,firethroat,Muscicapidae,鹟科,PASSERIFORMES,NT,二级,102,72,30,true,
249,Calliope pectoralis,黑胸歌鸲,white tailed rubythroat,Muscicapidae,鹟科,PASSERIFORMES,LC,,96,66,30,true,
250,Calliope tschebaiewi,白须黑胸歌鸲,chinese rubythroat,Muscicapidae,鹟科,PASSERIFORMES,LC,,102,71,31,true,
251,Calonectris leucomelas,白额鹱,streaked shearwater,Procellariidae,鹱科,PROCELLARIIFORMES,NT,,201,201,0,true,
253,Caprimulgus affinis,林夜鹰,savanna nightjar,Caprimulgidae,夜鹰科,CAPRIMULGIFORMES,LC,,93,66,27,true,
254,Caprimulgus europaeus,欧夜鹰,european nightjar,Caprimulgidae,夜鹰科,CAPRIMULGIFORMES,LC,,120,120,0,true,
255,Caprimulgus jotaka,普通夜鹰,grey nightjar,Caprimulgidae,夜鹰科,CAPRIMULGIFORMES,LC,,247,247,0,true,
256,Caprimulgus macrurus,长尾夜鹰,large tailed nightjar,Caprimulgidae,夜鹰科,CAPRIMULGIFORMES,LC,,94,49,45,true,
257,Carduelis carduelis,红额金翅雀,european goldfinch,Fringillidae,燕雀科,PASSERIFORMES,LC,,259,209,50,true,
258,Carpodacus davidianus,中华朱雀,chinese beautiful rosefinch,Fringillidae,燕雀科,PASSERIFORMES,NR,,130,130,0,true,中文名由红眉朱雀改为中华朱雀
259,Carpodacus dubius,白眉朱雀,chinese white browed rosefinch,Fringillidae,燕雀科,PASSERIFORMES,LC,,312,312,0,true,
260,Carpodacus edwardsii,棕朱雀,dark rumped rosefinch,Fringillidae,燕雀科,PASSERIFORMES,LC,,92,92,0,true,
261,Carpodacus erythrinus,普通朱雀,common rosefinch,Fringillidae,燕雀科,PASSERIFORMES,LC,,365,365,0,true,
262,Carpodacus formosanus,台湾酒红朱雀,taiwan rosefinch,Fringillidae,燕雀科,PASSERIFORMES,LC,,82,40,42,true,
265,Carpodacus pulcherrimus,红眉朱雀,himalayan beautiful rosefinch,Fringillidae,燕雀科,PASSERIFORMES,LC,,134,134,0,true,中文名由喜山红眉朱雀改为红眉朱雀
266,Carpodacus puniceus,红胸朱雀,red fronted rosefinch,Fringillidae,燕雀科,PASSERIFORMES,LC,,93,93,0,true,
267,Carpodacus rhodochlamys,红腰朱雀,red mantled rosefinch,Fringillidae,燕雀科,PASSERIFORMES,LC,,90,48,42,true,
268,Carpodacus roborowskii,藏雀,tibetan rosefinch,Fringillidae,燕雀科,PASSERIFORMES,LC,二级,82,82,0,true,
271,Carpodacus roseus,北朱雀,pallas's rosefinch,Fringillidae,燕雀科,PASSERIFORMES,LC,二级,270,270,0,true,
272,Carpodacus rubicilla,大朱雀,spotted great rosefinch,Fringillidae,燕雀科,PASSERIFORMES,LC,,146,146,0,true,
273,Carpodacus rubicilloides,拟大朱雀,streaked rosefinch,Fringillidae,燕雀科,PASSERIFORMES,LC,,105,105,0,true,
274,Carpodacus sibiricus,长尾雀,siberian long tailed rosefinch,Fringillidae,燕雀科,PASSERIFORMES,LC,,195,195,0,true,英文名由Long-tailed Rosefinch改为Siberian Long-tailed Rosefinch
276,Carpodacus sipahi,血雀,scarlet finch,Fringillidae,燕雀科,PASSERIFORMES,LC,,158,158,0,true,
277,Carpodacus stoliczkae,沙色朱雀,pale rosefinch,Fringillidae,燕雀科,PASSERIFORMES,LC,,76,76,0,true,
278,Carpodacus subhimachalus,红眉松雀,crimson browed finch,Fringillidae,燕雀科,PASSERIFORMES,LC,,90,90,0,true,
280,Carpodacus trifasciatus,斑翅朱雀,three banded rosefinch,Fringillidae,燕雀科,PASSERIFORMES,LC,,102,102,0,true,
281,Carpodacus verreauxii,点翅朱雀,sharpe's rosefinch,Fringillidae,燕雀科,PASSERIFORMES,LC,,85,85,0,true,
282,Carpodacus vinaceus,酒红朱雀,vinaceous rosefinch,Fringillidae,燕雀科,PASSERIFORMES,LC,,218,218,0,true,
283,Carpodacus waltoni,曙红朱雀,pink rumped rosefinch,Fringillidae,燕雀科,PASSERIFORMES,LC,,159,159,0,true,
284,Cecropis daurica,金腰燕,red rumped swallow,Hirundinidae,燕科,PASSERIFORMES,LC,,1048,1048,0,true,
285,Centropus bengalensis,小鸦鹃,lesser coucal,Cuculidae,杜鹃科,CUCULIFORMES,LC,二级,264,264,0,true,
286,Centropus sinensis,褐翅鸦鹃,greater coucal,Cuculidae,杜鹃科,CUCULIFORMES,LC,二级,296,296,0,true,
287,Cephalopyrus flammiceps,火冠雀,fire capped tit,Paridae,山雀科,PASSERIFORMES,LC,,231,231,0,true,
288,Cercotrichas galactotes,棕薮鸲,rufous tailed scrub robin,Muscicapidae,鹟科,PASSERIFORMES,LC,,79,47,32,true,
290,Certhia discolor,褐喉旋木雀,brown throated treecreeper,Certhiidae,旋木雀科,PASSERIFORMES,LC,,97,48,49,true,
291,Certhia familiaris,旋木雀,eurasian treecreeper,Certhiidae,旋木雀科,PASSERIFORMES,LC,,97,97,0,true,
292,Certhia himalayana,高山旋木雀,bar tailed treecreeper,Certhiidae,旋木雀科,PASSERIFORMES,LC,,201,201,0,true,
293,Certhia hodgsoni,霍氏旋木雀,hodgson's treecreeper,Certhiidae,旋木雀科,PASSERIFORMES,LC,,183,183,0,true,
295,Certhia nipalensis,锈红腹旋木雀,rusty flanked treecreeper,Certhiidae,旋木雀科,PASSERIFORMES,LC,,81,81,0,true,
296,Certhia tianquanensis,四川旋木雀,sichuan treecreeper,Certhiidae,旋木雀科,PASSERIFORMES,LC,二级,86,54,32,true,
297,Ceryle rudis,斑鱼狗,pied kingfisher,Alcedinidae,翠鸟科,CORACIIFORMES,LC,,634,634,0,true,
298,Cettia brunnifrons,棕顶树莺,grey sided bush warbler,Cettiidae,树莺科,PASSERIFORMES,LC,,183,183,0,true,
299,Cettia castaneocoronata,栗头地莺,chestnut headed tesia,Cettiidae,树莺科,PASSERIFORMES,LC,,140,140,0,true,
300,Cettia cetti,宽尾树莺,cetti's warbler,Cettiidae,树莺科,PASSERIFORMES,LC,,80,46,34,true,
301,Cettia major,大树莺,chestnut crowned bush warbler,Cettiidae,树莺科,PASSERIFORMES,LC,,86,74,12,true,
302,Ceyx erithaca,三趾翠鸟,black backed dwarf kingfisher,Alcedinidae,翠鸟科,CORACIIFORMES,NT,,94,66,28,true,IUCN红色名录等级由LC升为NT 英文名由Oriental Dwarf Kingfisher修改为Black-backed Dwarf Kingfisher
303,Chalcoparia singalensis,紫颊直嘴太阳鸟,ruby cheeked sunbird,Nectariniidae,太阳鸟科,PASSERIFORMES,LC,,129,129,0,true,
304,Chalcophaps indica,绿翅金鸠,emerald dove,Columbidae,鸠鸽科,COLUMBIFORMES,LC,,134,134,0,true,
305,Charadrius dubius,金眶鸻,little ringed plover,Charadriidae,鸻科,CHARADRIIFORMES,LC,,393,393,0,true,
306,Charadrius hiaticula,剑鸻,common ringed plover,Charadriidae,鸻科,CHARADRIIFORMES,LC,,181,181,0,true,
307,Charadrius placidus,长嘴剑鸻,long billed plover,Charadriidae,鸻科,CHARADRIIFORMES,LC,,461,461,0,true,
308,Chelidorhynx hypoxanthus,黄腹扇尾鹟,yellow bellied fantail,Stenostiridae,仙莺科,PASSERIFORMES,LC,,136,136,0,true,
309,Chlamydotis macqueenii,波斑鸨,asian houbara,Otididae,鸨科,OTIDIFORMES,VU,一级,93,55,38,true,英文名由Macqueen's Bustard改为Asian Houbara
310,Chlidonias hybrida,须浮鸥,whiskered tern,Laridae,鸥科,CHARADRIIFORMES,LC,,520,520,0,true,
311,Chlidonias leucopterus,白翅浮鸥,white winged tern,Laridae,鸥科,CHARADRIIFORMES,LC,,361,361,0,true,
312,Chlidonias niger,黑浮鸥,black tern,Laridae,鸥科,CHARADRIIFORMES,LC,二级,141,141,0,true,
313,Chloris ambigua,黑头金翅雀,black headed greenfinch,Fringillidae,燕雀科,PASSERIFORMES,LC,,145,145,0,true,
314,Chloris chloris,欧金翅雀,european greenfinch,Fringillidae,燕雀科,PASSERIFORMES,LC,,75,75,0,true,
315,Chloris sinica,金翅雀,grey capped greenfinch,Fringillidae,燕雀科,PASSERIFORMES,LC,,2405,2405,0,true,
316,Chloris spinoides,高山金翅雀,yellow breasted greenfinch,Fringillidae,燕雀科,PASSERIFORMES,LC,,93,62,31,true,
317,Chloropsis aurifrons,金额叶鹎,golden fronted leafbird,Chloropseidae,叶鹎科,PASSERIFORMES,LC,,97,67,30,true,
318,Chloropsis hardwickii,黄冠橙腹叶鹎,orange bellied leafbird,Chloropseidae,叶鹎科,PASSERIFORMES,LC,,345,345,0,true,
319,Chloropsis lazulina,橙腹叶鹎,greyish crowned leafbird,Chloropseidae,叶鹎科,PASSERIFORMES,LC,,361,361,0,true,
320,Chloropsis moluccensis,蓝翅叶鹎,blue winged leafbird,Chloropseidae,叶鹎科,PASSERIFORMES,NT,,95,95,0,true,
321,Chroicocephalus brunnicephalus,棕头鸥,brown headed gull,Laridae,鸥科,CHARADRIIFORMES,LC,,387,387,0,true,
322,Chroicocephalus genei,细嘴鸥,slender billed gull,Laridae,鸥科,CHARADRIIFORMES,LC,,218,218,0,true,
323,Chroicocephalus novaehollandiae,澳洲红嘴鸥,silver gull,Laridae,鸥科,CHARADRIIFORMES,LC,,80,40,40,true,
324,Chroicocephalus ridibundus,红嘴鸥,black headed gull,Laridae,鸥科,CHARADRIIFORMES,LC,,1656,1656,0,true,
325,Chrysococcyx maculatus,翠金鹃,asian emerald cuckoo,Cuculidae,杜鹃科,CUCULIFORMES,LC,,102,102,0,true,
326,Chrysococcyx xanthorhynchus,紫金鹃,violet cuckoo,Cuculidae,杜鹃科,CUCULIFORMES,LC,,253,253,0,true,
327,Chrysocolaptes guttacristatus,大金背啄木鸟,greater flameback,Picidae,啄木鸟科,PICIFORMES,LC,,122,122,0,true,
328,Chrysolophus amherstiae,白腹锦鸡,lady amherst's pheasant,Phasianidae,雉科,GALLIFORMES,LC,二级,214,214,0,true,
329,Chrysolophus pictus,红腹锦鸡,golden pheasant,Phasianidae,雉科,GALLIFORMES,LC,二级,401,401,0,true,
330,Chrysomma sinense,金眼鹛雀,yellow eyed babbler,Paradoxornithidae,鸦雀科,PASSERIFORMES,LC,,87,87,0,true,
331,Chrysophlegma flavinucha,大黄冠啄木鸟,greater yellownape,Picidae,啄木鸟科,PICIFORMES,LC,二级,240,240,0,true,
332,Ciconia boyciana,东方白鹳,oriental stork,Ciconiidae,鹳科,CICONIIFORMES,EN,一级,826,826,0,true,
333,Ciconia ciconia,白鹳,white stork,Ciconiidae,鹳科,CICONIIFORMES,LC,一级,96,70,26,true,
334,Ciconia episcopus,白颈鹳,asian woolly necked stork,Ciconiidae,鹳科,CICONIIFORMES,NT,,92,42,50,true,英文名由Asian Woollyneck改为Asian Woolly-necked Stork
335,Ciconia nigra,黑鹳,black stork,Ciconiidae,鹳科,CICONIIFORMES,LC,一级,1395,1395,0,true,
337,Cinclus cinclus,河乌,white throated dipper,Cinclidae,河乌科,PASSERIFORMES,LC,,141,141,0,true,
338,Cinclus pallasii,褐河乌,brown dipper,Cinclidae,河乌科,PASSERIFORMES,LC,,480,480,0,true,
339,Cinnyris asiaticus,紫色花蜜鸟,purple sunbird,Nectariniidae,太阳鸟科,PASSERIFORMES,LC,,167,167,0,true,
340,Cinnyris jugularis,黄腹花蜜鸟,olive backed sunbird,Nectariniidae,太阳鸟科,PASSERIFORMES,LC,,117,117,0,true,
341,Circaetus gallicus,短趾雕,short toed snake eagle,Accipitridae,鹰科,ACCIPITRIFORMES,LC,二级,251,251,0,true,
342,Circus aeruginosus,白头鹞,western marsh harrier,Accipitridae,鹰科,ACCIPITRIFORMES,LC,二级,119,119,0,true,
343,Circus cyaneus,白尾鹞,hen harrier,Accipitridae,鹰科,ACCIPITRIFORMES,LC,二级,638,638,0,true,
344,Circus macrourus,草原鹞,pallid harrier,Accipitridae,鹰科,ACCIPITRIFORMES,NT,二级,100,100,0,true,
345,Circus melanoleucos,鹊鹞,pied harrier,Accipitridae,鹰科,ACCIPITRIFORMES,LC,二级,309,309,0,true,
346,Circus pygargus,乌灰鹞,montagu's harrier,Accipitridae,鹰科,ACCIPITRIFORMES,LC,二级,94,55,39,true,
347,Circus spilonotus,白腹鹞,eastern marsh harrier,Accipitridae,鹰科,ACCIPITRIFORMES,LC,二级,687,687,0,true,
348,Cissa chinensis,蓝绿鹊,common green magpie,Corvidae,鸦科,PASSERIFORMES,LC,二级,92,92,0,true,
349,Cissa hypoleuca,印支绿鹊,indochinese green magpie,Corvidae,鸦科,PASSERIFORMES,LC,二级,82,49,33,true,
350,Cisticola exilis,金头扇尾莺,golden headed cisticola,Cisticolidae,扇尾莺科,PASSERIFORMES,LC,,88,88,0,true,
351,Cisticola juncidis,棕扇尾莺,zitting cisticola,Cisticolidae,扇尾莺科,PASSERIFORMES,LC,,510,510,0,true,
352,Clamator coromandus,红翅凤头鹃,chestnut winged cuckoo,Cuculidae,杜鹃科,CUCULIFORMES,LC,,329,329,0,true,
354,Clanga clanga,乌雕,greater spotted eagle,Accipitridae,鹰科,ACCIPITRIFORMES,VU,一级,225,225,0,true,
355,Clangula hyemalis,长尾鸭,long tailed duck,Anatidae,鸭科,ANSERIFORMES,VU,,238,238,0,true,
356,Coccothraustes coccothraustes,锡嘴雀,hawfinch,Fringillidae,燕雀科,PASSERIFORMES,LC,,910,910,0,true,
358,Cochoa viridis,绿宽嘴鸫,green cochoa,Turdidae,鸫科,PASSERIFORMES,LC,二级,89,89,0,true,
359,Coloeus dauuricus,达乌里寒鸦,daurian jackdaw,Corvidae,鸦科,PASSERIFORMES,LC,,410,410,0,true,
360,Coloeus monedula,寒鸦,eurasian jackdaw,Corvidae,鸦科,PASSERIFORMES,LC,,75,75,0,true,
362,Columba hodgsonii,点斑林鸽,speckled wood pigeon,Columbidae,鸠鸽科,COLUMBIFORMES,LC,,83,46,37,true,
363,Columba janthina,黑林鸽,japanese wood pigeon,Columbidae,鸠鸽科,COLUMBIFORMES,LC,,270,270,0,true,IUCN红色名录等级由NT降为LC
364,Columba leuconota,雪鸽,snow pigeon,Columbidae,鸠鸽科,COLUMBIFORMES,LC,,99,71,28,true,
365,Columba livia,原鸽,rock pigeon,Columbidae,鸠鸽科,COLUMBIFORMES,LC,,1155,1119,36,true,
366,Columba oenas,欧鸽,stock dove,Columbidae,鸠鸽科,COLUMBIFORMES,LC,,84,32,52,true,
370,Columba rupestris,岩鸽,hill pigeon,Columbidae,鸠鸽科,COLUMBIFORMES,LC,,351,351,0,true,
372,Copsychus malabaricus,白腰鹊鸲,white rumped shama,Muscicapidae,鹟科,PASSERIFORMES,LC,,278,278,0,true,
373,Copsychus saularis,鹊鸲,oriental magpie robin,Muscicapidae,鹟科,PASSERIFORMES,LC,,4879,4879,0,true,
374,Coracias affinis,棕胸佛法僧,indochinese roller,Coraciidae,佛法僧科,CORACIIFORMES,LC,,87,87,0,true,
375,Coracias garrulus,蓝胸佛法僧,european roller,Coraciidae,佛法僧科,CORACIIFORMES,LC,,107,107,0,true,
376,Coracina javensis,大鹃鵙,oriental cuckooshrike,Campephagidae,鹃鵙科,PASSERIFORMES,LC,,91,36,55,true,学名由Coracina macei改为Coracina javensis ，英文名由Large Cuckooshrike改为Oriental Cuckooshrike
377,Corvus corax,渡鸦,common raven,Corvidae,鸦科,PASSERIFORMES,LC,,245,245,0,true,
379,Corvus corone,小嘴乌鸦,carrion crow,Corvidae,鸦科,PASSERIFORMES,LC,,470,470,0,true,
380,Corvus frugilegus,秃鼻乌鸦,rook,Corvidae,鸦科,PASSERIFORMES,LC,,299,299,0,true,
382,Corvus macrorhynchos,大嘴乌鸦,large billed crow,Corvidae,鸦科,PASSERIFORMES,LC,,1194,1194,0,true,
383,Corvus splendens,家鸦,house crow,Corvidae,鸦科,PASSERIFORMES,LC,,89,89,0,true,
384,Corvus torquatus,白颈鸦,collared crow,Corvidae,鸦科,PASSERIFORMES,VU,,460,460,0,true,
388,Coturnix japonica,鹌鹑,japanese quail,Phasianidae,雉科,GALLIFORMES,NT,,182,146,36,true,
390,Crossoptilon auritum,蓝马鸡,blue eared pheasant,Phasianidae,雉科,GALLIFORMES,LC,二级,328,328,0,true,
391,Crossoptilon crossoptilon,白马鸡,white eared pheasant,Phasianidae,雉科,GALLIFORMES,LC,二级,227,227,0,true,IUCN红色名录等级由NT降为LC
392,Crossoptilon harmani,藏马鸡,tibetan eared pheasant,Phasianidae,雉科,GALLIFORMES,LC,二级,173,173,0,true,IUCN红色名录等级由NT降为LC
393,Crossoptilon mantchuricum,褐马鸡,brown eared pheasant,Phasianidae,雉科,GALLIFORMES,LC,一级,161,161,0,true,IUCN红色名录等级由VU降为LC
394,Cuculus canorus,大杜鹃,common cuckoo,Cuculidae,杜鹃科,CUCULIFORMES,LC,,594,594,0,true,
395,Cuculus micropterus,四声杜鹃,indian cuckoo,Cuculidae,杜鹃科,CUCULIFORMES,LC,,190,190,0,true,
396,Cuculus optatus,东方中杜鹃,oriental cuckoo,Cuculidae,杜鹃科,CUCULIFORMES,LC,,122,122,0,true,中文名由北方中杜鹃改为东方中杜鹃，IUCN红色名录等级改为LC
397,Cuculus poliocephalus,小杜鹃,asian lesser cuckoo,Cuculidae,杜鹃科,CUCULIFORMES,LC,,106,106,0,true,
398,Cuculus saturatus,中杜鹃,himalayan cuckoo,Cuculidae,杜鹃科,CUCULIFORMES,LC,,78,78,0,true,
399,Culicicapa ceylonensis,方尾鹟,grey headed canary flycatcher,Stenostiridae,仙莺科,PASSERIFORMES,LC,,382,382,0,true,
401,Curruca communis,灰白喉林莺,common whitethroat,Sylviidae,莺鹛科,PASSERIFORMES,LC,,108,73,35,true,
403,Curruca curruca,白喉林莺,lesser whitethroat,Sylviidae,莺鹛科,PASSERIFORMES,LC,,193,193,0,true,
405,Curruca nana,亚洲漠地林莺,asian desert warbler,Sylviidae,莺鹛科,PASSERIFORMES,LC,,95,39,56,true,
406,Curruca nisoria,横斑林莺,barred warbler,Sylviidae,莺鹛科,PASSERIFORMES,LC,,94,69,25,true,
407,Cutia nipalensis,斑胁姬鹛,himalayan cutia,Leiothrichidae,噪鹛科,PASSERIFORMES,LC,,100,71,29,true,
408,Cyanistes cyanus,灰蓝山雀,azure tit,Paridae,山雀科,PASSERIFORMES,LC,,298,298,0,true,
409,Cyanoderma chrysaeum,金头穗鹛,golden babbler,Timaliidae,鹛科,PASSERIFORMES,LC,,153,153,0,true,
411,Cyanoderma ruficeps,红头穗鹛,rufous capped babbler,Timaliidae,鹛科,PASSERIFORMES,LC,,338,338,0,true,
412,Cyanoderma rufifrons,红额穗鹛,rufous fronted babbler,Timaliidae,鹛科,PASSERIFORMES,LC,,80,80,0,true,黄喉穗鹛Buff-chested Babbler Cyanoderma ambiguum重新合并至红额穗鹛Rufous-fronted Babbler C. rufifrons（del Hoyo & Collar 2016），名录中做相应调整
413,Cyanopica cyanus,灰喜鹊,azure winged magpie,Corvidae,鸦科,PASSERIFORMES,LC,,2949,2949,0,true,
414,Cyanoptila cumatilis,琉璃蓝鹟,zappey's flycatcher,Muscicapidae,鹟科,PASSERIFORMES,NT,,98,64,34,true,
415,Cyanoptila cyanomelana,白腹蓝鹟,blue and white flycatcher,Muscicapidae,鹟科,PASSERIFORMES,LC,,400,400,0,true,
416,Cygnus columbianus,小天鹅,tundra swan,Anatidae,鸭科,ANSERIFORMES,LC,二级,673,673,0,true,
417,Cygnus cygnus,大天鹅,whooper swan,Anatidae,鸭科,ANSERIFORMES,LC,二级,2579,2579,0,true,
418,Cygnus olor,疣鼻天鹅,mute swan,Anatidae,鸭科,ANSERIFORMES,LC,二级,239,239,0,true,
419,Cyornis brunneatus,白喉林鹟,brown chested jungle flycatcher,Muscicapidae,鹟科,PASSERIFORMES,VU,二级,77,40,37,true,
420,Cyornis glaucicomans,中华仙鹟,chinese blue flycatcher,Muscicapidae,鹟科,PASSERIFORMES,LC,,160,160,0,true,
421,Cyornis hainanus,海南蓝仙鹟,hainan blue flycatcher,Muscicapidae,鹟科,PASSERIFORMES,LC,,167,167,0,true,
423,Cyornis poliogenys,灰颊仙鹟,pale chinned flycatcher,Muscicapidae,鹟科,PASSERIFORMES,LC,,100,69,31,true,
425,Cyornis unicolor,纯蓝仙鹟,pale blue flycatcher,Muscicapidae,鹟科,PASSERIFORMES,LC,,162,162,0,true,
426,Cyornis whitei,山蓝仙鹟,hill blue flycatcher,Muscicapidae,鹟科,PASSERIFORMES,LC,,120,120,0,true,
427,Cypsiurus balasiensis,棕雨燕,asian palm swift,Apodidae,雨燕科,APODIFORMES,LC,,191,191,0,true,
428,Delichon dasypus,烟腹毛脚燕,asian house martin,Hirundinidae,燕科,PASSERIFORMES,LC,,406,406,0,true,
429,Delichon lagopodum,白腹毛脚燕,siberian house martin,Hirundinidae,燕科,PASSERIFORMES,LC,,162,162,0,true,
430,Delichon nipalense,黑喉毛脚燕,nepal house martin,Hirundinidae,燕科,PASSERIFORMES,LC,,105,54,51,true,
431,Delichon urbicum,西方毛脚燕,common house martin,Hirundinidae,燕科,PASSERIFORMES,LC,,184,184,0,true,
432,Dendrocitta formosae,灰树鹊,grey treepie,Corvidae,鸦科,PASSERIFORMES,LC,,892,892,0,true,
433,Dendrocitta frontalis,黑额树鹊,collared treepie,Corvidae,鸦科,PASSERIFORMES,LC,,105,73,32,true,
434,Dendrocitta vagabunda,棕腹树鹊,rufous treepie,Corvidae,鸦科,PASSERIFORMES,LC,,291,291,0,true,
435,Dendrocopos atratus,纹胸啄木鸟,stripe breasted woodpecker,Picidae,啄木鸟科,PICIFORMES,LC,,101,69,32,true,
436,Dendrocopos darjellensis,黄颈啄木鸟,darjeeling woodpecker,Picidae,啄木鸟科,PICIFORMES,LC,,244,244,0,true,
437,Dendrocopos hyperythrus,棕腹啄木鸟,rufous bellied woodpecker,Picidae,啄木鸟科,PICIFORMES,LC,,189,189,0,true,
438,Dendrocopos leucopterus,白翅啄木鸟,white winged woodpecker,Picidae,啄木鸟科,PICIFORMES,LC,二级,78,78,0,true,
439,Dendrocopos leucotos,白背啄木鸟,white backed woodpecker,Picidae,啄木鸟科,PICIFORMES,LC,,143,143,0,true,
441,Dendrocopos major,大斑啄木鸟,great spotted woodpecker,Picidae,啄木鸟科,PICIFORMES,LC,,1253,1253,0,true,
443,Dendrocygna javanica,栗树鸭,lesser whistling duck,Anatidae,鸭科,ANSERIFORMES,LC,二级,130,130,0,true,
444,Dendronanthus indicus,山鹡鸰,forest wagtail,Motacillidae,鹡鸰科,PASSERIFORMES,LC,,371,371,0,true,
445,Dicaeum agile,厚嘴啄花鸟,thick billed flowerpecker,Dicaeidae,啄花鸟科,PASSERIFORMES,LC,,95,95,0,true,
447,Dicaeum cruentatum,朱背啄花鸟,scarlet backed flowerpecker,Dicaeidae,啄花鸟科,PASSERIFORMES,LC,,238,238,0,true,
448,Dicaeum ignipectus,红胸啄花鸟,fire breasted flowerpecker,Dicaeidae,啄花鸟科,PASSERIFORMES,LC,,265,265,0,true,
449,Dicaeum melanozanthum,黄腹啄花鸟,yellow bellied flowerpecker,Dicaeidae,啄花鸟科,PASSERIFORMES,LC,,232,232,0,true,
450,Dicaeum minullum,纯色啄花鸟,plain flowerpecker,Dicaeidae,啄花鸟科,PASSERIFORMES,LC,,149,149,0,true,
451,Dicrurus aeneus,古铜色卷尾,bronzed drongo,Dicruridae,卷尾科,PASSERIFORMES,LC,,158,158,0,true,
452,Dicrurus annectens,鸦嘴卷尾,crow billed drongo,Dicruridae,卷尾科,PASSERIFORMES,LC,,97,97,0,true,
453,Dicrurus hottentottus,发冠卷尾,hair crested drongo,Dicruridae,卷尾科,PASSERIFORMES,LC,,595,595,0,true,
454,Dicrurus leucophaeus,灰卷尾,ashy drongo,Dicruridae,卷尾科,PASSERIFORMES,LC,,666,666,0,true,
455,Dicrurus macrocercus,黑卷尾,black drongo,Dicruridae,卷尾科,PASSERIFORMES,LC,,967,967,0,true,
456,Dicrurus paradiseus,大盘尾,greater racket tailed drongo,Dicruridae,卷尾科,PASSERIFORMES,LC,二级,217,217,0,true,
457,Dicrurus remifer,小盘尾,lesser racket tailed drongo,Dicruridae,卷尾科,PASSERIFORMES,LC,二级,100,72,28,true,
459,Dryobates cathpharius,红枕啄木鸟,crimson naped woodpecker,Picidae,啄木鸟科,PICIFORMES,LC,,80,47,33,true,中文名由赤胸啄木鸟改为红枕啄木鸟，英文名由Crimson-breasted Woodpecker改为Crimson-naped Woodpecker
460,Dryobates minor,小斑啄木鸟,lesser spotted woodpecker,Picidae,啄木鸟科,PICIFORMES,LC,,82,82,0,true,
461,Dryobates pernyii,赤胸啄木鸟,necklaced woodpecker,Picidae,啄木鸟科,PICIFORMES,LC,,90,56,34,true,将赤胸啄木鸟的pernyii、tenebrosus和innixus亚种提升为独立种Dryobates pernyii（del Hoyo & Collar 2014）
462,Dryocopus javensis,白腹黑啄木鸟,white bellied woodpecker,Picidae,啄木鸟科,PICIFORMES,LC,二级,95,61,34,true,
463,Dryocopus martius,黑啄木鸟,black woodpecker,Picidae,啄木鸟科,PICIFORMES,LC,二级,102,102,0,true,
465,Ducula badia,山皇鸠,mountain imperial pigeon,Columbidae,鸠鸽科,COLUMBIFORMES,LC,二级,103,103,0,true,
466,Egretta eulophotes,黄嘴白鹭,chinese egret,Ardeidae,鹭科,PELECANIFORMES,VU,一级,367,367,0,true,
467,Egretta garzetta,白鹭,little egret,Ardeidae,鹭科,PELECANIFORMES,LC,,5382,5382,0,true,
469,Egretta picata,斑鹭,pied heron,Ardeidae,鹭科,PELECANIFORMES,LC,,81,35,46,true,
470,Egretta sacra,岩鹭,pacific reef heron,Ardeidae,鹭科,PELECANIFORMES,LC,二级,306,306,0,true,
471,Elachura formosa,丽星鹩鹛,spotted elachura,Elachuridae,丽星鹩鹛科,PASSERIFORMES,LC,,102,102,0,true,
472,Elanus caeruleus,黑翅鸢,black winged kite,Accipitridae,鹰科,ACCIPITRIFORMES,LC,二级,944,944,0,true,
473,Emberiza aureola,黄胸鹀,yellow breasted bunting,Emberizidae,鹀科,PASSERIFORMES,CR,一级,407,407,0,true,
474,Emberiza bruniceps,褐头鹀,red headed bunting,Emberizidae,鹀科,PASSERIFORMES,LC,,198,198,0,true,
475,Emberiza buchanani,灰颈鹀,grey necked bunting,Emberizidae,鹀科,PASSERIFORMES,LC,,93,61,32,true,
476,Emberiza calandra,黍鹀,corn bunting,Emberizidae,鹀科,PASSERIFORMES,LC,,90,51,39,true,
477,Emberiza chrysophrys,黄眉鹀,yellow browed bunting,Emberizidae,鹀科,PASSERIFORMES,LC,,719,719,0,true,
478,Emberiza cia,淡灰眉岩鹀,rock bunting,Emberizidae,鹀科,PASSERIFORMES,LC,,75,75,0,true,中文名由灰眉岩鹀改为淡灰眉岩鹀
479,Emberiza cioides,三道眉草鹀,meadow bunting,Emberizidae,鹀科,PASSERIFORMES,LC,,428,428,0,true,
480,Emberiza citrinella,黄鹀,yellowhammer,Emberizidae,鹀科,PASSERIFORMES,LC,,209,209,0,true,
481,Emberiza elegans,黄喉鹀,yellow throated bunting,Emberizidae,鹀科,PASSERIFORMES,LC,,1053,1053,0,true,
482,Emberiza fucata,栗耳鹀,chestnut eared bunting,Emberizidae,鹀科,PASSERIFORMES,LC,,457,457,0,true,
483,Emberiza godlewskii,灰眉岩鹀,godlewski's bunting,Emberizidae,鹀科,PASSERIFORMES,LC,,572,572,0,true,中文名由戈氏岩鹀恢复为灰眉岩鹀
484,Emberiza hortulana,圃鹀,ortolan bunting,Emberizidae,鹀科,PASSERIFORMES,LC,,96,96,0,true,
485,Emberiza jankowskii,栗斑腹鹀,jankowski's bunting,Emberizidae,鹀科,PASSERIFORMES,EN,一级,137,137,0,true,
486,Emberiza koslowi,藏鹀,tibetan bunting,Emberizidae,鹀科,PASSERIFORMES,LC,二级,124,124,0,true,IUCN红色名录等级由NT降为LC
487,Emberiza lathami,凤头鹀,crested bunting,Emberizidae,鹀科,PASSERIFORMES,LC,,235,235,0,true,
488,Emberiza leucocephalos,白头鹀,pine bunting,Emberizidae,鹀科,PASSERIFORMES,LC,,232,232,0,true,
489,Emberiza melanocephala,黑头鹀,black headed bunting,Emberizidae,鹀科,PASSERIFORMES,LC,,181,181,0,true,
490,Emberiza pallasi,苇鹀,pallas's bunting,Emberizidae,鹀科,PASSERIFORMES,LC,,730,730,0,true,
491,Emberiza personata,日本灰头鹀,masked bunting,Emberizidae,鹀科,PASSERIFORMES,LC,,76,39,37,true,将灰头鹀的 personata亚种提升为独立种日本灰头鹀Emberiza personata（Weissensteiner et al. 2014; Päckert et al. 2015; Brazil 2018; HBW/Birdlife）
492,Emberiza pusilla,小鹀,little bunting,Emberizidae,鹀科,PASSERIFORMES,LC,,1232,1232,0,true,
493,Emberiza rustica,田鹀,rustic bunting,Emberizidae,鹀科,PASSERIFORMES,VU,,928,928,0,true,
494,Emberiza rutila,栗鹀,chestnut bunting,Emberizidae,鹀科,PASSERIFORMES,LC,,231,231,0,true,
495,Emberiza schoeniclus,芦鹀,reed bunting,Emberizidae,鹀科,PASSERIFORMES,LC,,190,190,0,true,
496,Emberiza siemsseni,蓝鹀,slaty bunting,Emberizidae,鹀科,PASSERIFORMES,LC,二级,204,204,0,true,
497,Emberiza spodocephala,灰头鹀,black faced bunting,Emberizidae,鹀科,PASSERIFORMES,LC,,2232,2232,0,true,
499,Emberiza sulphurata,硫黄鹀,yellow bunting,Emberizidae,鹀科,PASSERIFORMES,LC,,148,148,0,true,中文名由硫磺鹀恢复为硫黄鹀，IUCN红色名录等级由VU降为LC
500,Emberiza tristrami,白眉鹀,tristram's bunting,Emberizidae,鹀科,PASSERIFORMES,LC,,588,588,0,true,
502,Emberiza yessoensis,红颈苇鹀,ochre rumped bunting,Emberizidae,鹀科,PASSERIFORMES,NT,,201,201,0,true,
504,Enicurus immaculatus,黑背燕尾,black backed forktail,Muscicapidae,鹟科,PASSERIFORMES,LC,,79,43,36,true,
505,Enicurus leschenaulti,白冠燕尾,white crowned forktail,Muscicapidae,鹟科,PASSERIFORMES,LC,,387,387,0,true,
506,Enicurus maculatus,斑背燕尾,spotted forktail,Muscicapidae,鹟科,PASSERIFORMES,LC,,126,126,0,true,
507,Enicurus schistaceus,灰背燕尾,slaty backed forktail,Muscicapidae,鹟科,PASSERIFORMES,LC,,349,349,0,true,
508,Enicurus scouleri,小燕尾,little forktail,Muscicapidae,鹟科,PASSERIFORMES,LC,,285,285,0,true,
509,Eophona migratoria,黑尾蜡嘴雀,chinese grosbeak,Fringillidae,燕雀科,PASSERIFORMES,LC,,2650,2650,0,true,
510,Eophona personata,黑头蜡嘴雀,japanese grosbeak,Fringillidae,燕雀科,PASSERIFORMES,LC,,392,392,0,true,
511,Eremophila alpestris,角百灵,horned lark,Alaudidae,百灵科,PASSERIFORMES,LC,,560,560,0,true,
512,Erithacus rubecula,欧亚鸲,european robin,Muscicapidae,鹟科,PASSERIFORMES,LC,,298,254,44,true,
513,Erpornis zantholeuca,白腹凤鹛,white bellied erpornis,Vireonidae,莺雀科,PASSERIFORMES,LC,,276,276,0,true,
515,Erythrogenys erythrogenys,锈脸钩嘴鹛,rusty cheeked scimitar babbler,Timaliidae,鹛科,PASSERIFORMES,LC,,81,33,48,true,
516,Erythrogenys gravivox,斑胸钩嘴鹛,black streaked scimitar babbler,Timaliidae,鹛科,PASSERIFORMES,LC,,125,125,0,true,
517,Erythrogenys hypoleucos,长嘴钩嘴鹛,large scimitar babbler,Timaliidae,鹛科,PASSERIFORMES,LC,,96,65,31,true,
518,Erythrogenys swinhoei,华南斑胸钩嘴鹛,grey sided scimitar babbler,Timaliidae,鹛科,PASSERIFORMES,LC,,77,77,0,true,
519,Erythrura prasina,长尾鹦雀,pin tailed parrotfinch,Estrildidae,梅花雀科,PASSERIFORMES,LC,,86,40,46,true,
521,Eudromias morinellus,小嘴鸻,eurasian dotterel,Charadriidae,鸻科,CHARADRIIFORMES,LC,,90,39,51,true,由Charadrius属移入Eudromias属 (dos Remedios et al. 2015; Černý & Natale 2022).
522,Eudynamys scolopaceus,噪鹃,asian koel,Cuculidae,杜鹃科,CUCULIFORMES,LC,,339,339,0,true,
523,Eumyias thalassinus,铜蓝鹟,verditer flycatcher,Muscicapidae,鹟科,PASSERIFORMES,LC,,584,584,0,true,
524,Eurystomus orientalis,三宝鸟,oriental dollarbird,Coraciidae,佛法僧科,CORACIIFORMES,LC,,563,563,0,true,
526,Falco amurensis,红脚隼,amur falcon,Falconidae,隼科,FALCONIFORMES,LC,二级,472,472,0,true,
527,Falco cherrug,猎隼,saker falcon,Falconidae,隼科,FALCONIFORMES,EN,一级,360,360,0,true,
528,Falco columbarius,灰背隼,merlin,Falconidae,隼科,FALCONIFORMES,LC,二级,467,467,0,true,
529,Falco naumanni,黄爪隼,lesser kestrel,Falconidae,隼科,FALCONIFORMES,LC,二级,159,159,0,true,
530,Falco peregrinus,游隼,peregrine falcon,Falconidae,隼科,FALCONIFORMES,LC,二级,793,793,0,true,
531,Falco rusticolus,矛隼,gyrfalcon,Falconidae,隼科,FALCONIFORMES,LC,一级,188,188,0,true,
532,Falco severus,猛隼,oriental hobby,Falconidae,隼科,FALCONIFORMES,LC,二级,170,170,0,true,
533,Falco subbuteo,燕隼,eurasian hobby,Falconidae,隼科,FALCONIFORMES,LC,二级,491,491,0,true,
534,Falco tinnunculus,红隼,common kestrel,Falconidae,隼科,FALCONIFORMES,LC,二级,1737,1737,0,true,
535,Falco vespertinus,西红脚隼,red footed falcon,Falconidae,隼科,FALCONIFORMES,VU,二级,98,70,28,true,
536,Ficedula albicilla,红喉姬鹟,taiga flycatcher,Muscicapidae,鹟科,PASSERIFORMES,LC,,371,371,0,true,
537,Ficedula elisae,绿背姬鹟,green backed flycatcher,Muscicapidae,鹟科,PASSERIFORMES,LC,,160,160,0,true,
538,Ficedula erithacus,锈胸蓝姬鹟,slaty backed flycatcher,Muscicapidae,鹟科,PASSERIFORMES,LC,,258,258,0,true,
540,Ficedula hyperythra,棕胸蓝姬鹟,snowy browed flycatcher,Muscicapidae,鹟科,PASSERIFORMES,LC,,162,162,0,true,
542,Ficedula mugimaki,鸲姬鹟,mugimaki flycatcher,Muscicapidae,鹟科,PASSERIFORMES,LC,,444,444,0,true,
543,Ficedula narcissina,黄眉姬鹟,narcissus flycatcher,Muscicapidae,鹟科,PASSERIFORMES,LC,,227,227,0,true,
544,Ficedula owstoni,琉球姬鹟,ryukyu flycatcher,Muscicapidae,鹟科,PASSERIFORMES,LC,,82,53,29,true,
545,Ficedula parva,红胸姬鹟,red breasted flycatcher,Muscicapidae,鹟科,PASSERIFORMES,LC,,492,492,0,true,
548,Ficedula strophiata,橙胸姬鹟,rufous gorgeted flycatcher,Muscicapidae,鹟科,PASSERIFORMES,LC,,170,170,0,true,
550,Ficedula tricolor,灰蓝姬鹟,slaty blue flycatcher,Muscicapidae,鹟科,PASSERIFORMES,LC,,164,164,0,true,
551,Ficedula westermanni,小斑姬鹟,little pied flycatcher,Muscicapidae,鹟科,PASSERIFORMES,LC,,93,58,35,true,
552,Ficedula zanthopygia,白眉姬鹟,yellow rumped flycatcher,Muscicapidae,鹟科,PASSERIFORMES,LC,,394,394,0,true,
553,Francolinus pintadeanus,中华鹧鸪,chinese francolin,Phasianidae,雉科,GALLIFORMES,LC,,94,94,0,true,
555,Fregata ariel,白斑军舰鸟,lesser frigatebird,Fregatidae,军舰鸟科,SULIFORMES,LC,二级,186,186,0,true,
557,Fringilla coelebs,苍头燕雀,common chaffinch,Fringillidae,燕雀科,PASSERIFORMES,LC,,454,423,31,true,
558,Fringilla montifringilla,燕雀,brambling,Fringillidae,燕雀科,PASSERIFORMES,LC,,2040,2040,0,true,
559,Fulica atra,白骨顶,eurasian coot,Rallidae,秧鸡科,GRUIFORMES,LC,,3320,3320,0,true,中文名由骨顶鸡改为白骨顶
560,Fulmarus glacialis,暴雪鹱,northern fulmar,Procellariidae,鹱科,PROCELLARIIFORMES,LC,,166,166,0,true,
561,Fulvetta cinereiceps,灰头雀鹛,grey hooded fulvetta,Paradoxornithidae,鸦雀科,PASSERIFORMES,LC,,104,71,33,true,
563,Fulvetta formosana,玉山雀鹛,taiwan fulvetta,Paradoxornithidae,鸦雀科,PASSERIFORMES,LC,,78,78,0,true,
564,Fulvetta ludlowi,路德雀鹛,ludlow's fulvetta,Paradoxornithidae,鸦雀科,PASSERIFORMES,LC,,102,72,30,true,
565,Fulvetta manipurensis,褐头雀鹛,streak throated fulvetta,Paradoxornithidae,鸦雀科,PASSERIFORMES,LC,,87,53,34,true,
566,Fulvetta ruficapilla,棕头雀鹛,spectacled fulvetta,Paradoxornithidae,鸦雀科,PASSERIFORMES,LC,,117,117,0,true,
567,Fulvetta striaticollis,中华雀鹛,chinese fulvetta,Paradoxornithidae,鸦雀科,PASSERIFORMES,LC,二级,103,103,0,true,中文名由高山雀鹛改为中华雀鹛
568,Fulvetta vinipectus,白眉雀鹛,white browed fulvetta,Paradoxornithidae,鸦雀科,PASSERIFORMES,LC,,190,190,0,true,
569,Galerida cristata,凤头百灵,crested lark,Alaudidae,百灵科,PASSERIFORMES,LC,,251,251,0,true,
570,Gallicrex cinerea,董鸡,watercock,Rallidae,秧鸡科,GRUIFORMES,LC,,147,147,0,true,
571,Gallinago gallinago,扇尾沙锥,common snipe,Scolopacidae,丘鹬科,CHARADRIIFORMES,LC,,811,811,0,true,
573,Gallinago megala,大沙锥,swinhoe's snipe,Scolopacidae,丘鹬科,CHARADRIIFORMES,LC,,167,167,0,true,
575,Gallinago solitaria,孤沙锥,solitary snipe,Scolopacidae,丘鹬科,CHARADRIIFORMES,LC,,126,126,0,true,
576,Gallinago stenura,针尾沙锥,pin tailed snipe,Scolopacidae,丘鹬科,CHARADRIIFORMES,LC,,233,233,0,true,
577,Gallinula chloropus,黑水鸡,common moorhen,Rallidae,秧鸡科,GRUIFORMES,LC,,4543,4543,0,true,
578,Gallus gallus,红原鸡,red junglefowl,Phasianidae,雉科,GALLIFORMES,LC,二级,258,258,0,true,
580,Gampsorhynchus torquatus,领鵙鹛,collared babbler,Pellorneidae,幽鹛科,PASSERIFORMES,LC,,98,70,28,true,
581,Garrulax canorus,画眉,hwamei,Leiothrichidae,噪鹛科,PASSERIFORMES,LC,二级,635,635,0,true,
582,Garrulax castanotis,栗颊噪鹛,rufous cheeked laughingthrush,Leiothrichidae,噪鹛科,PASSERIFORMES,LC,,87,59,28,true,
583,Garrulax leucolophus,白冠噪鹛,white crested laughingthrush,Leiothrichidae,噪鹛科,PASSERIFORMES,LC,,106,106,0,true,
586,Garrulax monileger,小黑领噪鹛,lesser necklaced laughingthrush,Leiothrichidae,噪鹛科,PASSERIFORMES,LC,,207,207,0,true,
589,Garrulus glandarius,松鸦,eurasian jay,Corvidae,鸦科,PASSERIFORMES,LC,,697,697,0,true,
590,Gavia adamsii,黄嘴潜鸟,yellow billed loon,Gaviidae,潜鸟科,GAVIIFORMES,NT,,103,103,0,true,
591,Gavia arctica,黑喉潜鸟,black throated loon,Gaviidae,潜鸟科,GAVIIFORMES,LC,,206,206,0,true,
592,Gavia pacifica,太平洋潜鸟,pacific loon,Gaviidae,潜鸟科,GAVIIFORMES,LC,,102,73,29,true,
593,Gavia stellata,红喉潜鸟,red throated loon,Gaviidae,潜鸟科,GAVIIFORMES,LC,,225,225,0,true,
594,Gecinulus grantia,竹啄木鸟,pale headed woodpecker,Picidae,啄木鸟科,PICIFORMES,LC,,91,53,38,true,
595,Gelochelidon nilotica,鸥嘴噪鸥,gull billed tern,Laridae,鸥科,CHARADRIIFORMES,LC,,361,361,0,true,
596,Geokichla citrina,橙头地鸫,orange headed thrush,Turdidae,鸫科,PASSERIFORMES,LC,,208,208,0,true,
597,Geokichla sibirica,白眉地鸫,siberian thrush,Turdidae,鸫科,PASSERIFORMES,LC,,183,183,0,true,
599,Geopelia striata,斑姬地鸠,zebra dove,Columbidae,鸠鸽科,COLUMBIFORMES,LC,,211,211,0,true,
600,Glareola lactea,灰燕鸻,small pratincole,Glareolidae,燕鸻科,CHARADRIIFORMES,LC,二级,133,133,0,true,
601,Glareola maldivarum,普通燕鸻,oriental pratincole,Glareolidae,燕鸻科,CHARADRIIFORMES,LC,,377,377,0,true,
603,Glareola pratincola,领燕鸻,collared pratincole,Glareolidae,燕鸻科,CHARADRIIFORMES,LC,,92,40,52,true,
604,Glaucidium cuculoides,斑头鸺鹠,asian barred owlet,Strigidae,鸱鸮科,STRIGIFORMES,LC,二级,482,482,0,true,
605,Glaucidium passerinum,花头鸺鹠,eurasian pygmy owlet,Strigidae,鸱鸮科,STRIGIFORMES,LC,二级,85,45,40,true,
606,Gorsachius goisagi,栗鳽,japanese night heron,Ardeidae,鹭科,PELECANIFORMES,VU,二级,120,120,0,true,
607,Gorsachius melanolophus,黑冠鳽,malayan night heron,Ardeidae,鹭科,PELECANIFORMES,LC,二级,148,148,0,true,
608,Gracula religiosa,鹩哥,hill myna,Sturnidae,椋鸟科,PASSERIFORMES,LC,二级,124,124,0,true,
609,Gracupica contra,斑椋鸟,indian pied myna,Sturnidae,椋鸟科,PASSERIFORMES,LC,,91,70,21,true,
611,Gracupica nigricollis,黑领椋鸟,black collared starling,Sturnidae,椋鸟科,PASSERIFORMES,LC,,1366,1366,0,true,
613,Grammatoptila striata,条纹噪鹛,striated laughingthrush,Leiothrichidae,噪鹛科,PASSERIFORMES,LC,,100,66,34,true,
614,Grandala coelicolor,蓝大翅鸲,grandala,Turdidae,鸫科,PASSERIFORMES,LC,,281,281,0,true,
615,Grus grus,灰鹤,common crane,Gruidae,鹤科,GRUIFORMES,LC,二级,556,556,0,true,
616,Grus japonensis,丹顶鹤,red crowned crane,Gruidae,鹤科,GRUIFORMES,VU,一级,1402,1402,0,true,
617,Grus monacha,白头鹤,hooded crane,Gruidae,鹤科,GRUIFORMES,VU,一级,333,333,0,true,
618,Grus nigricollis,黑颈鹤,black necked crane,Gruidae,鹤科,GRUIFORMES,NT,一级,401,401,0,true,
619,Grus virgo,蓑羽鹤,demoiselle crane,Gruidae,鹤科,GRUIFORMES,LC,二级,379,379,0,true,
621,Gypaetus barbatus,胡兀鹫,lammergeier,Accipitridae,鹰科,ACCIPITRIFORMES,NT,一级,343,343,0,true,
622,Gyps bengalensis,白背兀鹫,white rumped vulture,Accipitridae,鹰科,ACCIPITRIFORMES,CR,一级,90,39,51,true,
623,Gyps fulvus,兀鹫,griffon vulture,Accipitridae,鹰科,ACCIPITRIFORMES,LC,二级,91,32,59,true,
624,Gyps himalayensis,高山兀鹫,himalayan vulture,Accipitridae,鹰科,ACCIPITRIFORMES,NT,二级,478,478,0,true,
625,Gyps tenuirostris,细嘴兀鹫,slender billed vulture,Accipitridae,鹰科,ACCIPITRIFORMES,CR,,82,39,43,true,
626,Gypsophila annamensis,灰岩鹪鹛,annam limestone babbler,Pellorneidae,幽鹛科,PASSERIFORMES,LC,,99,66,33,true,
627,Gypsophila brevicaudata,短尾鹪鹛,streaked wren babbler,Pellorneidae,幽鹛科,PASSERIFORMES,LC,,99,99,0,true,
628,Haematopus ostralegus,蛎鹬,eurasian oystercatcher,Haematopodidae,蛎鹬科,CHARADRIIFORMES,NT,,366,366,0,true,
629,Halcyon coromanda,赤翡翠,ruddy kingfisher,Alcedinidae,翠鸟科,CORACIIFORMES,LC,,240,240,0,true,
630,Halcyon pileata,蓝翡翠,black capped kingfisher,Alcedinidae,翠鸟科,CORACIIFORMES,VU,,337,337,0,true,IUCN红色名录等级由LC升为VU
631,Halcyon smyrnensis,白胸翡翠,white throated kingfisher,Alcedinidae,翠鸟科,CORACIIFORMES,LC,二级,861,861,0,true,
632,Haliaeetus albicilla,白尾海雕,white tailed eagle,Accipitridae,鹰科,ACCIPITRIFORMES,LC,一级,450,450,0,true,
633,Haliaeetus leucoryphus,玉带海雕,pallas's fish eagle,Accipitridae,鹰科,ACCIPITRIFORMES,EN,一级,140,140,0,true,
634,Haliaeetus pelagicus,虎头海雕,steller's sea eagle,Accipitridae,鹰科,ACCIPITRIFORMES,VU,一级,169,169,0,true,
635,Haliastur indus,栗鸢,brahminy kite,Accipitridae,鹰科,ACCIPITRIFORMES,LC,二级,146,146,0,true,
636,Harpactes erythrocephalus,红头咬鹃,red headed trogon,Trogonidae,咬鹃科,TROGONIFORMES,LC,二级,315,315,0,true,
637,Harpactes oreskios,橙胸咬鹃,orange breasted trogon,Trogonidae,咬鹃科,TROGONIFORMES,LC,二级,318,318,0,true,
638,Harpactes wardi,红腹咬鹃,ward's trogon,Trogonidae,咬鹃科,TROGONIFORMES,LC,二级,84,47,37,true,IUCN红色名录等级由NT降为LC
640,Helopsaltes certhiola,小蝗莺,pallas's grasshopper warbler,Locustellidae,蝗莺科,PASSERIFORMES,LC,,239,239,0,true,
641,Helopsaltes fasciolatus,苍眉蝗莺,gray's grasshopper warbler,Locustellidae,蝗莺科,PASSERIFORMES,LC,,80,80,0,true,
642,Helopsaltes ochotensis,北蝗莺,middendorff's grasshopper warbler,Locustellidae,蝗莺科,PASSERIFORMES,LC,,93,49,44,true,
643,Helopsaltes pleskei,东亚蝗莺,styan's grasshopper warbler,Locustellidae,蝗莺科,PASSERIFORMES,VU,,103,67,36,true,
644,Helopsaltes pryeri,斑背大尾莺,marsh grassbird,Locustellidae,蝗莺科,PASSERIFORMES,NT,,80,80,0,true,
645,Hemiprocne coronata,凤头雨燕,crested treeswift,Hemiprocnidae,树燕科,APODIFORMES,LC,二级,101,44,57,true,中文名由凤头树燕改为凤头雨燕
646,Hemipus picatus,褐背鹟鵙,bar winged flycatcher shrike,Vangidae,钩嘴鵙科,PASSERIFORMES,LC,,137,137,0,true,
647,Hemitesia pallidipes,淡脚树莺,pale footed bush warbler,Cettiidae,树莺科,PASSERIFORMES,LC,,142,142,0,true,由Urosphena属移入Hemitesia属（Alström et al. 2011）
648,Hemixos castanonotus,栗背短脚鹎,chestnut bulbul,Pycnonotidae,鹎科,PASSERIFORMES,LC,,1193,1193,0,true,
649,Hemixos flavala,灰短脚鹎,ashy bulbul,Pycnonotidae,鹎科,PASSERIFORMES,LC,,128,128,0,true,
650,Heterophasia auricularis,白耳奇鹛,white eared sibia,Leiothrichidae,噪鹛科,PASSERIFORMES,LC,,83,39,44,true,
651,Heterophasia capistrata,黑顶奇鹛,rufous sibia,Leiothrichidae,噪鹛科,PASSERIFORMES,LC,,101,71,30,true,
652,Heterophasia desgodinsi,黑头奇鹛,black headed sibia,Leiothrichidae,噪鹛科,PASSERIFORMES,LC,,221,221,0,true,
653,Heterophasia gracilis,灰奇鹛,grey sibia,Leiothrichidae,噪鹛科,PASSERIFORMES,LC,,120,120,0,true,
654,Heterophasia picaoides,长尾奇鹛,long tailed sibia,Leiothrichidae,噪鹛科,PASSERIFORMES,LC,,89,89,0,true,
655,Heterophasia pulchella,丽色奇鹛,beautiful sibia,Leiothrichidae,噪鹛科,PASSERIFORMES,LC,,182,182,0,true,
656,Heteroxenicus stellatus,栗背短翅鸫,gould's shortwing,Muscicapidae,鹟科,PASSERIFORMES,LC,,92,92,0,true,
657,Hieraaetus pennatus,靴隼雕,booted eagle,Accipitridae,鹰科,ACCIPITRIFORMES,LC,二级,257,257,0,true,
658,Hierococcyx hyperythrus,北棕腹鹰鹃,northern hawk cuckoo,Cuculidae,杜鹃科,CUCULIFORMES,LC,,87,87,0,true,中文名由北鹰鹃改为北棕腹鹰鹃
660,Hierococcyx sparverioides,大鹰鹃,large hawk cuckoo,Cuculidae,杜鹃科,CUCULIFORMES,LC,,78,52,26,true,中文名由鹰鹃改为大鹰鹃
661,Hierococcyx varius,普通鹰鹃,common hawk cuckoo,Cuculidae,杜鹃科,CUCULIFORMES,LC,,79,79,0,true,
662,Himantopus himantopus,黑翅长脚鹬,black winged stilt,Recurvirostridae,反嘴鹬科,CHARADRIIFORMES,LC,,1705,1705,0,true,
663,Himantopus leucocephalus,澳洲长脚鹬,pied stilt,Recurvirostridae,反嘴鹬科,CHARADRIIFORMES,LC,,97,73,24,true,2022年4月9日，台湾屏东，刘川
664,Hirundapus caudacutus,白喉针尾雨燕,white throated needletail,Apodidae,雨燕科,APODIFORMES,LC,,276,276,0,true,
666,Hirundapus cochinchinensis,灰喉针尾雨燕,silver backed needletail,Apodidae,雨燕科,APODIFORMES,LC,二级,97,97,0,true,
667,Hirundapus giganteus,褐背针尾雨燕,brown backed needletail,Apodidae,雨燕科,APODIFORMES,LC,,101,101,0,true,
669,Hirundo rustica,家燕,barn swallow,Hirundinidae,燕科,PASSERIFORMES,LC,,1991,1991,0,true,
670,Hirundo smithii,线尾燕,wire tailed swallow,Hirundinidae,燕科,PASSERIFORMES,LC,,86,86,0,true,
671,Histrionicus histrionicus,丑鸭,harlequin duck,Anatidae,鸭科,ANSERIFORMES,LC,,211,211,0,true,
672,Horornis acanthizoides,黄腹树莺,yellowish bellied bush warbler,Cettiidae,树莺科,PASSERIFORMES,LC,,96,96,0,true,
674,Horornis canturians,远东树莺,manchurian bush warbler,Cettiidae,树莺科,PASSERIFORMES,LC,,197,197,0,true,
675,Horornis diphone,日本树莺,japanese bush warbler,Cettiidae,树莺科,PASSERIFORMES,LC,,83,83,0,true,
676,Horornis flavolivaceus,异色树莺,aberrant bush warbler,Cettiidae,树莺科,PASSERIFORMES,LC,,84,84,0,true,
677,Horornis fortipes,强脚树莺,brownish flanked bush warbler,Cettiidae,树莺科,PASSERIFORMES,LC,,430,430,0,true,
680,Hydrobates monorhis,黑叉尾海燕,swinhoe's storm petrel,Hydrobatidae,海燕科,PROCELLARIIFORMES,NT,,121,121,0,true,
682,Hydrocoloeus minutus,小鸥,little gull,Laridae,鸥科,CHARADRIIFORMES,LC,二级,75,75,0,true,
683,Hydrophasianus chirurgus,水雉,pheasant tailed jacana,Jacanidae,水雉科,CHARADRIIFORMES,LC,二级,1140,1140,0,true,
684,Hydroprogne caspia,红嘴巨燕鸥,caspian tern,Laridae,鸥科,CHARADRIIFORMES,LC,,407,407,0,true,中文名由红嘴巨鸥改为红嘴巨燕鸥
685,Hydrornis cyaneus,蓝八色鸫,blue pitta,Pittidae,八色鸫科,PASSERIFORMES,LC,二级,77,33,44,true,
686,Hydrornis nipalensis,蓝枕八色鸫,blue naped pitta,Pittidae,八色鸫科,PASSERIFORMES,LC,二级,75,75,0,true,
687,Hydrornis oatesi,栗头八色鸫,rusty naped pitta,Pittidae,八色鸫科,PASSERIFORMES,LC,二级,93,50,43,true,
688,Hydrornis phayrei,双辫八色鸫,eared pitta,Pittidae,八色鸫科,PASSERIFORMES,LC,二级,180,180,0,true,
689,Hydrornis soror,蓝背八色鸫,blue rumped pitta,Pittidae,八色鸫科,PASSERIFORMES,LC,二级,76,76,0,true,
690,Hypothymis azurea,黑枕王鹟,black naped monarch,Monarchidae,王鹟科,PASSERIFORMES,LC,,245,245,0,true,
691,Hypsipetes amaurotis,栗耳短脚鹎,brown eared bulbul,Pycnonotidae,鹎科,PASSERIFORMES,LC,,257,257,0,true,
692,Hypsipetes leucocephalus,黑短脚鹎,black bulbul,Pycnonotidae,鹎科,PASSERIFORMES,LC,,1574,1574,0,true,
694,Ianthocincla cineracea,灰翅噪鹛,moustached laughingthrush,Leiothrichidae,噪鹛科,PASSERIFORMES,LC,,116,116,0,true,
695,Ianthocincla lunulata,斑背噪鹛,barred laughingthrush,Leiothrichidae,噪鹛科,PASSERIFORMES,LC,二级,114,114,0,true,
696,Ianthocincla maxima,大噪鹛,giant laughingthrush,Leiothrichidae,噪鹛科,PASSERIFORMES,LC,二级,133,133,0,true,
697,Ianthocincla ocellata,眼纹噪鹛,spotted laughingthrush,Leiothrichidae,噪鹛科,PASSERIFORMES,LC,二级,98,98,0,true,
698,Ianthocincla rufogularis,棕颏噪鹛,rufous chinned laughingthrush,Leiothrichidae,噪鹛科,PASSERIFORMES,LC,,96,55,41,true,
699,Ianthocincla sukatschewi,黑额山噪鹛,snowy cheeked laughingthrush,Leiothrichidae,噪鹛科,PASSERIFORMES,VU,一级,99,71,28,true,
700,Ibidorhyncha struthersii,鹮嘴鹬,ibisbill,Ibidorhynchidae,鹮嘴鹬科,CHARADRIIFORMES,LC,二级,346,346,0,true,
701,Ichthyaetus ichthyaetus,渔鸥,pallas's gull,Laridae,鸥科,CHARADRIIFORMES,LC,,409,409,0,true,
702,Ichthyaetus relictus,遗鸥,relict gull,Laridae,鸥科,CHARADRIIFORMES,VU,一级,233,233,0,true,
704,Icthyophaga leucogaster,白腹海雕,white bellied sea eagle,Accipitridae,鹰科,ACCIPITRIFORMES,LC,一级,112,112,0,true,由Haliaeetus属移入重新恢复的Icthyophaga属（Mindell et al. 2018）
705,Ictinaetus malaiensis,林雕,black eagle,Accipitridae,鹰科,ACCIPITRIFORMES,LC,二级,613,613,0,true,
706,Iduna caligata,靴篱莺,booted warbler,Acrocephalidae,苇莺科,PASSERIFORMES,LC,,139,139,0,true,
708,Iduna rama,赛氏篱莺,sykes's warbler,Acrocephalidae,苇莺科,PASSERIFORMES,LC,,87,45,42,true,
709,Indicator xanthonotus,黄腰响蜜䴕,yellow rumped honeyguide,Indicatoridae,响蜜鴷科,PICIFORMES,LC,,87,34,53,true,IUCN红色名录等级由NT降为LC
710,Iole propinqua,灰眼短脚鹎,grey eyed bulbul,Pycnonotidae,鹎科,PASSERIFORMES,LC,,83,83,0,true,
711,Irena puella,和平鸟,asian fairy bluebird,Irenidae,和平鸟科,PASSERIFORMES,LC,,252,252,0,true,
712,Ithaginis cruentus,血雉,blood pheasant,Phasianidae,雉科,GALLIFORMES,LC,二级,447,447,0,true,
713,Ixos mcclellandii,绿翅短脚鹎,mountain bulbul,Pycnonotidae,鹎科,PASSERIFORMES,LC,,1035,1035,0,true,
714,Jynx torquilla,蚁䴕,eurasian wryneck,Picidae,啄木鸟科,PICIFORMES,LC,,352,352,0,true,
717,Ketupa flavipes,黄腿渔鸮,tawny fish owl,Strigidae,鸱鸮科,STRIGIFORMES,LC,二级,88,53,35,true,
719,Ketupa zeylonensis,褐渔鸮,brown fish owl,Strigidae,鸱鸮科,STRIGIFORMES,LC,二级,88,44,44,true,
720,Kurochkinegramma hypogrammicum,蓝枕花蜜鸟,purple naped sunbird,Nectariniidae,太阳鸟科,PASSERIFORMES,LC,,102,102,0,true,
721,Lagopus lagopus,柳雷鸟,willow ptarmigan,Phasianidae,雉科,GALLIFORMES,LC,二级,245,245,0,true,
722,Lagopus muta,岩雷鸟,rock ptarmigan,Phasianidae,雉科,GALLIFORMES,LC,二级,75,75,0,true,
723,Lalage melaschistos,暗灰鹃鵙,black winged cuckooshrike,Campephagidae,鹃鵙科,PASSERIFORMES,LC,,244,244,0,true,
725,Lanius borealis,灰伯劳,northern shrike,Laniidae,伯劳科,PASSERIFORMES,LC,,138,138,0,true,
726,Lanius bucephalus,牛头伯劳,bull headed shrike,Laniidae,伯劳科,PASSERIFORMES,LC,,369,369,0,true,
727,Lanius collurio,红背伯劳,red backed shrike,Laniidae,伯劳科,PASSERIFORMES,LC,,99,99,0,true,
728,Lanius collurioides,栗背伯劳,burmese shrike,Laniidae,伯劳科,PASSERIFORMES,LC,,128,128,0,true,
729,Lanius cristatus,红尾伯劳,brown shrike,Laniidae,伯劳科,PASSERIFORMES,LC,,1116,1116,0,true,
730,Lanius excubitor,西方灰伯劳,great grey shrike,Laniidae,伯劳科,PASSERIFORMES,LC,,118,118,0,true,
731,Lanius giganteu,青藏楔尾伯劳,giant grey shrike,Laniidae,伯劳科,PASSERIFORMES,LC,,101,66,35,true,
732,Lanius isabellinus,荒漠伯劳,isabelline shrike,Laniidae,伯劳科,PASSERIFORMES,LC,,138,138,0,true,
733,Lanius minor,黑额伯劳,lesser grey shrike,Laniidae,伯劳科,PASSERIFORMES,LC,,89,60,29,true,
734,Lanius phoenicuroides,棕尾伯劳,rufous tailed shrike,Laniidae,伯劳科,PASSERIFORMES,LC,,109,109,0,true,
735,Lanius schach,棕背伯劳,long tailed shrike,Laniidae,伯劳科,PASSERIFORMES,LC,,4867,4867,0,true,
736,Lanius sphenocercus,楔尾伯劳,chinese grey shrike,Laniidae,伯劳科,PASSERIFORMES,LC,,327,327,0,true,
737,Lanius tephronotus,灰背伯劳,grey backed shrike,Laniidae,伯劳科,PASSERIFORMES,LC,,356,356,0,true,
738,Lanius tigrinus,虎纹伯劳,tiger shrike,Laniidae,伯劳科,PASSERIFORMES,LC,,426,426,0,true,
742,Larus canus,普通海鸥,mew gull,Laridae,鸥科,CHARADRIIFORMES,LC,,203,203,0,true,中文名由海鸥改为普通海鸥
743,Larus crassirostris,黑尾鸥,black tailed gull,Laridae,鸥科,CHARADRIIFORMES,LC,,886,886,0,true,
745,Larus fuscus,小黑背鸥,lesser black backed gull,Laridae,鸥科,CHARADRIIFORMES,LC,,379,379,0,true,中文名由小黑背银鸥恢复为小黑背鸥
746,Larus glaucescens,灰翅鸥,glaucous winged gull,Laridae,鸥科,CHARADRIIFORMES,LC,,80,33,47,true,
747,Larus hyperboreus,北极鸥,glaucous gull,Laridae,鸥科,CHARADRIIFORMES,LC,,108,73,35,true,
748,Larus schistisagus,灰背鸥,slaty backed gull,Laridae,鸥科,CHARADRIIFORMES,LC,,270,270,0,true,
749,Larus vegae,西伯利亚银鸥,vega gull,Laridae,鸥科,CHARADRIIFORMES,LC,,515,515,0,true,
750,Larvivora akahige,日本歌鸲,japanese robin,Muscicapidae,鹟科,PASSERIFORMES,LC,,394,394,0,true,
751,Larvivora brunnea,栗腹歌鸲,indian blue robin,Muscicapidae,鹟科,PASSERIFORMES,LC,,100,58,42,true,
752,Larvivora cyane,蓝歌鸲,siberian blue robin,Muscicapidae,鹟科,PASSERIFORMES,LC,,231,231,0,true,
755,Larvivora sibilans,红尾歌鸲,rufous tailed robin,Muscicapidae,鹟科,PASSERIFORMES,LC,,267,267,0,true,
756,Leioptila annectens,栗背奇鹛,rufous backed sibia,Leiothrichidae,噪鹛科,PASSERIFORMES,LC,,95,95,0,true,
757,Leiothrix argentauris,银耳相思鸟,silver eared mesia,Leiothrichidae,噪鹛科,PASSERIFORMES,LC,二级,210,210,0,true,
758,Leiothrix lutea,红嘴相思鸟,red billed leiothrix,Leiothrichidae,噪鹛科,PASSERIFORMES,LC,二级,618,618,0,true,
759,Leptopoecile elegans,凤头雀莺,crested tit warbler,Aegithalidae,长尾山雀科,PASSERIFORMES,LC,,218,218,0,true,
760,Leptopoecile sophiae,花彩雀莺,white browed tit warbler,Aegithalidae,长尾山雀科,PASSERIFORMES,LC,,318,318,0,true,
761,Leptoptilos javanicus,秃鹳,lesser adjutant,Ciconiidae,鹳科,CICONIIFORMES,NT,二级,231,231,0,true,IUCN红色名录等级由VU降为NT
762,Lerwa lerwa,雪鹑,snow partridge,Phasianidae,雉科,GALLIFORMES,LC,,312,312,0,true,
763,Leucogeranus leucogeranus,白鹤,siberian crane,Gruidae,鹤科,GRUIFORMES,CR,一级,526,526,0,true,
764,Leucophaeus atricilla,笑鸥,laughing gull,Laridae,鸥科,CHARADRIIFORMES,LC,,252,252,0,true,
767,Leucosticte arctoa,粉红腹岭雀,asian rosy finch,Fringillidae,燕雀科,PASSERIFORMES,LC,,114,114,0,true,
768,Leucosticte brandti,高山岭雀,brandt's mountain finch,Fringillidae,燕雀科,PASSERIFORMES,LC,,91,91,0,true,
769,Leucosticte nemoricola,林岭雀,plain mountain finch,Fringillidae,燕雀科,PASSERIFORMES,LC,,178,178,0,true,
770,Lewinia striata,灰胸秧鸡,slaty breasted rail,Rallidae,秧鸡科,GRUIFORMES,LC,,152,152,0,true,中文名由蓝胸秧鸡改为灰胸秧鸡
771,Limnodromus scolopaceus,长嘴半蹼鹬,long billed dowitcher,Scolopacidae,丘鹬科,CHARADRIIFORMES,NT,,144,144,0,true,中文名由长嘴鹬改为长嘴半蹼鹬 IUCN红色名录等级由LC升为NT
772,Limnodromus semipalmatus,半蹼鹬,asian dowitcher,Scolopacidae,丘鹬科,CHARADRIIFORMES,NT,二级,220,220,0,true,
773,Limosa lapponica,斑尾塍鹬,bar tailed godwit,Scolopacidae,丘鹬科,CHARADRIIFORMES,NT,,390,390,0,true,
774,Limosa limosa,黑尾塍鹬,black tailed godwit,Scolopacidae,丘鹬科,CHARADRIIFORMES,NT,,536,536,0,true,
775,Linaria cannabina,赤胸朱顶雀,common linnet,Fringillidae,燕雀科,PASSERIFORMES,LC,,110,110,0,true,
776,Linaria flavirostris,黄嘴朱顶雀,twite,Fringillidae,燕雀科,PASSERIFORMES,LC,,191,191,0,true,
777,Liocichla omeiensis,灰胸薮鹛,emei shan liocichla,Leiothrichidae,噪鹛科,PASSERIFORMES,VU,一级,96,66,30,true,
779,Liocichla ripponi,红翅薮鹛,scarlet faced liocichla,Leiothrichidae,噪鹛科,PASSERIFORMES,LC,,308,308,0,true,
780,Liocichla steerii,黄痣薮鹛,taiwan liocichla,Leiothrichidae,噪鹛科,PASSERIFORMES,LC,,79,38,41,true,英文名由Steere's Liocichla改为Taiwan Liocichla
781,Lioparus chrysotis,金胸雀鹛,golden breasted fulvetta,Paradoxornithidae,鸦雀科,PASSERIFORMES,LC,二级,131,131,0,true,
783,Locustella chengi,四川短翅蝗莺,sichuan bush warbler,Locustellidae,蝗莺科,PASSERIFORMES,LC,,87,71,16,true,中文名由四川短翅莺改为四川短翅蝗莺
784,Locustella davidi,北短翅蝗莺,baikal bush warbler,Locustellidae,蝗莺科,PASSERIFORMES,LC,,77,77,0,true,中文名由北短翅莺改为北短翅蝗莺
785,Locustella lanceolata,矛斑蝗莺,lanceolated warbler,Locustellidae,蝗莺科,PASSERIFORMES,LC,,201,201,0,true,
786,Locustella luscinioides,鸲蝗莺,savi's warbler,Locustellidae,蝗莺科,PASSERIFORMES,LC,,80,43,37,true,
789,Locustella mandelli,高山短翅蝗莺,russet bush warbler,Locustellidae,蝗莺科,PASSERIFORMES,LC,,91,74,17,true,中文名由高山短翅莺改为高山短翅蝗莺
792,Locustella thoracica,斑胸短翅蝗莺,spotted bush warbler,Locustellidae,蝗莺科,PASSERIFORMES,LC,,138,138,0,true,中文名由斑胸短翅莺改为斑胸短翅蝗莺
793,Lonchura atricapilla,栗腹文鸟,chestnut munia,Estrildidae,梅花雀科,PASSERIFORMES,LC,,99,69,30,true,
794,Lonchura punctulata,斑文鸟,scaly breasted munia,Estrildidae,梅花雀科,PASSERIFORMES,LC,,1123,1123,0,true,
795,Lonchura striata,白腰文鸟,white rumped munia,Estrildidae,梅花雀科,PASSERIFORMES,LC,,1159,1159,0,true,
796,Lophophanes dichrous,褐冠山雀,grey crested tit,Paridae,山雀科,PASSERIFORMES,LC,,180,180,0,true,
797,Lophophorus impejanus,棕尾虹雉,himalayan monal,Phasianidae,雉科,GALLIFORMES,LC,一级,324,324,0,true,
798,Lophophorus lhuysii,绿尾虹雉,chinese monal,Phasianidae,雉科,GALLIFORMES,VU,一级,192,192,0,true,
799,Lophophorus sclateri,白尾梢虹雉,sclater's monal,Phasianidae,雉科,GALLIFORMES,LC,一级,141,141,0,true,IUCN红色名录等级由VU降为LC
800,Lophospiza trivirgata,凤头鹰,crested goshawk,Accipitridae,鹰科,ACCIPITRIFORMES,LC,二级,769,769,0,true,由Accipiter属移入重新恢复的Lophospiza属，学名由Accipiter trivirgatus改为Lophospiza trivirgata（Lerner & Mindell 2005；Mindell et al. 2018；Sangster et al.2021；Catanach et al.2024）
801,Lophotriorchis kienerii,棕腹隼雕,rufous bellied eagle,Accipitridae,鹰科,ACCIPITRIFORMES,NT,二级,87,87,0,true,
802,Lophura leucomelanos,黑鹇,kalij pheasant,Phasianidae,雉科,GALLIFORMES,LC,二级,207,207,0,true,
803,Lophura nycthemera,白鹇,silver pheasant,Phasianidae,雉科,GALLIFORMES,LC,二级,580,580,0,true,
804,Lophura swinhoii,蓝腹鹇,swinhoe's pheasant,Phasianidae,雉科,GALLIFORMES,NT,一级,244,244,0,true,
806,Loxia curvirostra,红交嘴雀,red crossbill,Fringillidae,燕雀科,PASSERIFORMES,LC,二级,386,386,0,true,
807,Loxia leucoptera,白翅交嘴雀,white winged crossbill,Fringillidae,燕雀科,PASSERIFORMES,LC,,137,137,0,true,
808,Luscinia megarhynchos,新疆歌鸲,common nightingale,Muscicapidae,鹟科,PASSERIFORMES,LC,二级,89,69,20,true,
809,Luscinia phaenicuroides,白腹短翅鸲,white bellied redstart,Muscicapidae,鹟科,PASSERIFORMES,LC,,119,119,0,true,
810,Luscinia svecica,蓝喉歌鸲,bluethroat,Muscicapidae,鹟科,PASSERIFORMES,LC,二级,345,345,0,true,
811,Lymnocryptes minimus,姬鹬,jack snipe,Scolopacidae,丘鹬科,CHARADRIIFORMES,LC,,192,192,0,true,
812,Lyncornis macrotis,毛腿耳夜鹰,great eared nightjar,Caprimulgidae,夜鹰科,CAPRIMULGIFORMES,LC,,97,72,25,true,
813,Lyrurus tetrix,黑琴鸡,black grouse,Phasianidae,雉科,GALLIFORMES,LC,一级,155,155,0,true,
814,Machlolophus holsti,台湾黄山雀,yellow tit,Paridae,山雀科,PASSERIFORMES,LC,,86,37,49,true,IUCN红色名录等级由NT降为LC
815,Machlolophus spilonotus,黄颊山雀,yellow cheeked tit,Paridae,山雀科,PASSERIFORMES,LC,,283,283,0,true,
816,Machlolophus xanthogenys,眼纹黄山雀,himalayan black lored tit,Paridae,山雀科,PASSERIFORMES,LC,,85,39,46,true,
819,Macropygia unchall,斑尾鹃鸠,barred cuckoo dove,Columbidae,鸠鸽科,COLUMBIFORMES,LC,二级,136,136,0,true,
820,Mareca americana,绿眉鸭,american wigeon,Anatidae,鸭科,ANSERIFORMES,LC,,434,434,0,true,
821,Mareca falcata,罗纹鸭,falcated duck,Anatidae,鸭科,ANSERIFORMES,LC,,1064,1064,0,true,IUCN红色名录等级由NT降为LC
822,Mareca penelope,赤颈鸭,eurasian wigeon,Anatidae,鸭科,ANSERIFORMES,LC,,1009,1009,0,true,
823,Mareca strepera,赤膀鸭,gadwall,Anatidae,鸭科,ANSERIFORMES,LC,,650,650,0,true,
825,Megaceryle lugubris,冠鱼狗,crested kingfisher,Alcedinidae,翠鸟科,CORACIIFORMES,LC,,675,675,0,true,
826,Megalurus palustris,沼泽大尾莺,striated grassbird,Locustellidae,蝗莺科,PASSERIFORMES,LC,,168,168,0,true,
827,Melanitta americana,黑海番鸭,black scoter,Anatidae,鸭科,ANSERIFORMES,NT,,89,89,0,true,
828,Melanitta fusca,丝绒海番鸭,velvet scoter,Anatidae,鸭科,ANSERIFORMES,VU,,119,119,0,true,
829,Melanitta stejnegeri,斑脸海番鸭,stejneger's scoter,Anatidae,鸭科,ANSERIFORMES,LC,,195,195,0,true,
830,Melanochlora sultanea,冕雀,sultan tit,Paridae,山雀科,PASSERIFORMES,LC,,278,278,0,true,
832,Melanocorypha calandra,草原百灵,calandra lark,Alaudidae,百灵科,PASSERIFORMES,LC,,97,65,32,true,
833,Melanocorypha maxima,长嘴百灵,tibetan lark,Alaudidae,百灵科,PASSERIFORMES,LC,,182,182,0,true,
834,Melanocorypha mongolica,蒙古百灵,mongolian lark,Alaudidae,百灵科,PASSERIFORMES,LC,二级,268,268,0,true,
835,Melanocorypha yeltoniensis,黑百灵,black lark,Alaudidae,百灵科,PASSERIFORMES,LC,,93,93,0,true,
836,Mergellus albellus,斑头秋沙鸭,smew,Anatidae,鸭科,ANSERIFORMES,LC,二级,644,644,0,true,中文名由白秋沙鸭改为斑头秋沙鸭
837,Mergus merganser,普通秋沙鸭,common merganser,Anatidae,鸭科,ANSERIFORMES,LC,,891,891,0,true,
838,Mergus serrator,红胸秋沙鸭,red breasted merganser,Anatidae,鸭科,ANSERIFORMES,LC,,362,362,0,true,
839,Mergus squamatus,中华秋沙鸭,scaly sided merganser,Anatidae,鸭科,ANSERIFORMES,EN,一级,1204,1204,0,true,
840,Merops apiaster,黄喉蜂虎,european bee eater,Meropidae,蜂虎科,CORACIIFORMES,LC,,133,133,0,true,
841,Merops leschenaulti,栗头蜂虎,chestnut headed bee eater,Meropidae,蜂虎科,CORACIIFORMES,LC,二级,154,154,0,true,
842,Merops orientalis,绿喉蜂虎,asian green bee eater,Meropidae,蜂虎科,CORACIIFORMES,LC,二级,322,322,0,true,
844,Merops persicus,蓝颊蜂虎,blue cheeked bee eater,Meropidae,蜂虎科,CORACIIFORMES,LC,二级,80,31,49,true,
845,Merops philippinus,栗喉蜂虎,blue tailed bee eater,Meropidae,蜂虎科,CORACIIFORMES,LC,二级,185,185,0,true,
846,Merops viridis,蓝喉蜂虎,blue throated bee eater,Meropidae,蜂虎科,CORACIIFORMES,LC,二级,199,199,0,true,
847,Metopidius indicus,铜翅水雉,bronze winged jacana,Jacanidae,水雉科,CHARADRIIFORMES,LC,二级,211,211,0,true,
848,Microcarbo niger,黑颈鸬鹚,little cormorant,Phalacrocoracidae,鸬鹚科,SULIFORMES,LC,二级,182,182,0,true,
849,Microcarbo pygmaeus,侏鸬鹚,pygmy cormorant,Phalacrocoracidae,鸬鹚科,SULIFORMES,LC,,133,133,0,true,
850,Microhierax caerulescens,红腿小隼,collared falconet,Falconidae,隼科,FALCONIFORMES,LC,二级,85,85,0,true,
851,Microhierax melanoleucos,白腿小隼,pied falconet,Falconidae,隼科,FALCONIFORMES,LC,二级,158,158,0,true,
852,Micropternus brachyurus,栗啄木鸟,rufous woodpecker,Picidae,啄木鸟科,PICIFORMES,LC,,138,138,0,true,
853,Milvus migrans,黑鸢,black kite,Accipitridae,鹰科,ACCIPITRIFORMES,LC,二级,1660,1660,0,true,
854,Minla ignotincta,火尾希鹛,red tailed minla,Leiothrichidae,噪鹛科,PASSERIFORMES,LC,,120,120,0,true,
856,Mixornis gularis,纹胸鹛,striped tit babbler,Timaliidae,鹛科,PASSERIFORMES,LC,,176,176,0,true,中文名由纹胸巨鹛改为纹胸鹛
858,Monticola gularis,白喉矶鸫,white throated rock thrush,Muscicapidae,鹟科,PASSERIFORMES,LC,,247,247,0,true,
859,Monticola rufiventris,栗腹矶鸫,chestnut bellied rock thrush,Muscicapidae,鹟科,PASSERIFORMES,LC,,285,285,0,true,
860,Monticola saxatilis,白背矶鸫,common rock thrush,Muscicapidae,鹟科,PASSERIFORMES,LC,,103,103,0,true,英文名由Rufous-tailed Rock Thrush为Common Rock Thrush
861,Monticola solitarius,蓝矶鸫,blue rock thrush,Muscicapidae,鹟科,PASSERIFORMES,LC,,620,620,0,true,
862,Montifringilla adamsi,褐翅雪雀,black winged snowfinch,Passeridae,雀科,PASSERIFORMES,LC,,113,113,0,true,
863,Montifringilla henrici,藏雪雀,tibetan snowfinch,Passeridae,雀科,PASSERIFORMES,LC,,116,116,0,true,
864,Montifringilla nivalis,白斑翅雪雀,white winged snowfinch,Passeridae,雀科,PASSERIFORMES,LC,,86,41,45,true,
865,Motacilla alba,白鹡鸰,white wagtail,Motacillidae,鹡鸰科,PASSERIFORMES,LC,,5006,5006,0,true,
866,Motacilla cinerea,灰鹡鸰,grey wagtail,Motacillidae,鹡鸰科,PASSERIFORMES,LC,,1310,1310,0,true,
867,Motacilla citreola,黄头鹡鸰,citrine wagtail,Motacillidae,鹡鸰科,PASSERIFORMES,LC,,466,466,0,true,
868,Motacilla flava,西黄鹡鸰,western yellow wagtail,Motacillidae,鹡鸰科,PASSERIFORMES,LC,,94,94,0,true,
871,Motacilla tschutschensis,黄鹡鸰,eastern yellow wagtail,Motacillidae,鹡鸰科,PASSERIFORMES,LC,,515,515,0,true,
872,Moupinia poecilotis,宝兴鹛雀,rufous tailed babbler,Paradoxornithidae,鸦雀科,PASSERIFORMES,LC,二级,88,62,26,true,
873,Mulleripicus pulverulentus,大灰啄木鸟,great slaty woodpecker,Picidae,啄木鸟科,PICIFORMES,VU,二级,86,60,26,true,
874,Muscicapa dauurica,北灰鹟,asian brown flycatcher,Muscicapidae,鹟科,PASSERIFORMES,LC,,312,312,0,true,
875,Muscicapa ferruginea,棕尾褐鹟,ferruginous flycatcher,Muscicapidae,鹟科,PASSERIFORMES,LC,,221,221,0,true,
876,Muscicapa griseisticta,灰纹鹟,grey streaked flycatcher,Muscicapidae,鹟科,PASSERIFORMES,LC,,328,328,0,true,
877,Muscicapa muttui,褐胸鹟,brown breasted flycatcher,Muscicapidae,鹟科,PASSERIFORMES,LC,,183,183,0,true,
878,Muscicapa sibirica,乌鹟,dark sided flycatcher,Muscicapidae,鹟科,PASSERIFORMES,LC,,381,381,0,true,
879,Muscicapa striata,斑鹟,spotted flycatcher,Muscicapidae,鹟科,PASSERIFORMES,LC,,90,32,58,true,
880,Mycerobas affinis,黄颈拟蜡嘴雀,collared grosbeak,Fringillidae,燕雀科,PASSERIFORMES,LC,,96,96,0,true,
881,Mycerobas carnipes,白斑翅拟蜡嘴雀,white winged grosbeak,Fringillidae,燕雀科,PASSERIFORMES,LC,,144,144,0,true,
882,Mycerobas melanozanthos,白点翅拟蜡嘴雀,spot winged grosbeak,Fringillidae,燕雀科,PASSERIFORMES,LC,,75,75,0,true,
884,Myiomela leucura,白尾蓝地鸲,white tailed robin,Muscicapidae,鹟科,PASSERIFORMES,LC,,205,205,0,true,
885,Myophonus caeruleus,紫啸鸫,blue whistling thrush,Muscicapidae,鹟科,PASSERIFORMES,LC,,697,697,0,true,
886,Myophonus insularis,台湾紫啸鸫,taiwan whistling thrush,Muscicapidae,鹟科,PASSERIFORMES,LC,,95,95,0,true,
887,Myzornis pyrrhoura,火尾绿鹛,fire tailed myzornis,Paradoxornithidae,鸦雀科,PASSERIFORMES,LC,,216,216,0,true,
888,Napothera epilepidota,纹胸鹪鹛,eyebrowed wren babbler,Pellorneidae,幽鹛科,PASSERIFORMES,LC,,112,52,60,true,
889,Napothera malacoptila,长嘴鹩鹛,long billed wren babbler,Pellorneidae,幽鹛科,PASSERIFORMES,LC,,89,39,50,true,
891,Neophron percnopterus,白兀鹫,egyptian vulture,Accipitridae,鹰科,ACCIPITRIFORMES,EN,二级,84,84,0,true,
892,Netta rufina,赤嘴潜鸭,red crested pochard,Anatidae,鸭科,ANSERIFORMES,LC,,589,589,0,true,
893,Nettapus coromandelianus,棉凫,cotton pygmy goose,Anatidae,鸭科,ANSERIFORMES,LC,二级,233,233,0,true,
894,Niltava davidi,棕腹大仙鹟,fujian niltava,Muscicapidae,鹟科,PASSERIFORMES,LC,二级,193,193,0,true,
895,Niltava grandis,大仙鹟,large niltava,Muscicapidae,鹟科,PASSERIFORMES,LC,二级,108,71,37,true,
896,Niltava macgrigoriae,小仙鹟,small niltava,Muscicapidae,鹟科,PASSERIFORMES,LC,,81,81,0,true,
898,Niltava sundara,棕腹仙鹟,rufous bellied niltava,Muscicapidae,鹟科,PASSERIFORMES,LC,,84,84,0,true,
900,Ninox japonica,北鹰鸮,northern boobook,Strigidae,鸱鸮科,STRIGIFORMES,LC,二级,183,183,0,true,
901,Ninox scutulata,鹰鸮,brown hawk owl,Strigidae,鸱鸮科,STRIGIFORMES,LC,二级,97,64,33,true,
902,Nipponia nippon,朱鹮,crested ibis,Threskiornithidae,鹮科,PELECANIFORMES,EN,一级,461,461,0,true,
903,Nisaetus cirrhatus,凤头鹰雕,changeable hawk eagle,Accipitridae,鹰科,ACCIPITRIFORMES,LC,二级,90,34,56,true,
904,Nisaetus nipalensis,鹰雕,mountain hawk eagle,Accipitridae,鹰科,ACCIPITRIFORMES,NT,二级,238,238,0,true,
906,Nucifraga hemispila,星鸦,southern nutcracker,Corvidae,鸦科,PASSERIFORMES,LC,,213,213,0,true,"将星鸦的hemispila、macella, interdicta 和 owstoni亚种提升为独立种Nucifraga hemispila（del Hoyo & Collar 2016; de Raad et al. 2022），中文名保留星鸦，英文名为Southern Nutcracker"
908,Numenius arquata,白腰杓鹬,eurasian curlew,Scolopacidae,丘鹬科,CHARADRIIFORMES,NT,二级,450,450,0,true,
909,Numenius madagascariensis,大杓鹬,eastern curlew,Scolopacidae,丘鹬科,CHARADRIIFORMES,EN,二级,291,291,0,true,
910,Numenius minutus,小杓鹬,little curlew,Scolopacidae,丘鹬科,CHARADRIIFORMES,LC,二级,250,250,0,true,
911,Numenius phaeopus,中杓鹬,eurasian whimbrel,Scolopacidae,丘鹬科,CHARADRIIFORMES,LC,,678,678,0,true,
913,Nycticorax nycticorax,夜鹭,black crowned night heron,Ardeidae,鹭科,PELECANIFORMES,LC,,4761,4761,0,true,
914,Nyctyornis athertoni,蓝须夜蜂虎,blue bearded bee eater,Meropidae,蜂虎科,CORACIIFORMES,LC,二级,119,119,0,true,
915,Oceanites oceanicus,黄蹼洋海燕,wilson's storm petrel,Oceanitidae,洋海燕科,PROCELLARIIFORMES,LC,,93,74,19,true,
916,Oenanthe deserti,漠䳭,desert wheatear,Muscicapidae,鹟科,PASSERIFORMES,LC,,75,75,0,true,
917,Oenanthe isabellina,沙䳭,isabelline wheatear,Muscicapidae,鹟科,PASSERIFORMES,LC,,167,167,0,true,
918,Oenanthe oenanthe,穗䳭,northern wheatear,Muscicapidae,鹟科,PASSERIFORMES,LC,,244,244,0,true,
920,Oenanthe pleschanka,白顶䳭,pied wheatear,Muscicapidae,鹟科,PASSERIFORMES,LC,,127,127,0,true,
921,Onychoprion aleuticus,白腰燕鸥,aleutian tern,Laridae,鸥科,CHARADRIIFORMES,VU,,131,131,0,true,
922,Onychoprion anaethetus,褐翅燕鸥,bridled tern,Laridae,鸥科,CHARADRIIFORMES,LC,,150,150,0,true,
923,Onychoprion fuscatus,乌燕鸥,sooty tern,Laridae,鸥科,CHARADRIIFORMES,LC,,104,53,51,true,
924,Onychostruthus taczanowskii,白腰雪雀,white rumped snowfinch,Passeridae,雀科,PASSERIFORMES,LC,,210,210,0,true,
925,Oriolus chinensis,黑枕黄鹂,black naped oriole,Oriolidae,黄鹂科,PASSERIFORMES,LC,,514,514,0,true,
926,Oriolus kundoo,印度金黄鹂,indian golden oriole,Oriolidae,黄鹂科,PASSERIFORMES,LC,,96,66,30,true,
928,Oriolus oriolus,金黄鹂,eurasian golden oriole,Oriolidae,黄鹂科,PASSERIFORMES,LC,,231,231,0,true,
929,Oriolus tenuirostris,细嘴黄鹂,slender billed oriole,Oriolidae,黄鹂科,PASSERIFORMES,LC,,81,81,0,true,
930,Oriolus traillii,朱鹂,maroon oriole,Oriolidae,黄鹂科,PASSERIFORMES,LC,,117,117,0,true,
931,Oriolus xanthornus,黑头黄鹂,black hooded oriole,Oriolidae,黄鹂科,PASSERIFORMES,LC,,137,137,0,true,
932,Oroanassa magnifica,海南鳽,white eared night heron,Ardeidae,鹭科,PELECANIFORMES,EN,一级,128,128,0,true,由Gorsachius属移入Oroanassa属，学名由Gorsachius magnificus改为Oroanassa magnifica（Hruska et al. 2023）
933,Orthotomus atrogularis,黑喉缝叶莺,dark necked tailorbird,Cisticolidae,扇尾莺科,PASSERIFORMES,LC,,97,71,26,true,
934,Orthotomus sutorius,长尾缝叶莺,common tailorbird,Cisticolidae,扇尾莺科,PASSERIFORMES,LC,,783,783,0,true,
935,Otis tarda,大鸨,great bustard,Otididae,鸨科,OTIDIFORMES,EN,一级,222,222,0,true,IUCN红色名录等级由VU升为EN
938,Otus lettia,领角鸮,collared scops owl,Strigidae,鸱鸮科,STRIGIFORMES,LC,二级,243,243,0,true,
939,Otus scops,西红角鸮,eurasian scops owl,Strigidae,鸱鸮科,STRIGIFORMES,LC,二级,84,84,0,true,
942,Otus sunia,红角鸮,oriental scops owl,Strigidae,鸱鸮科,STRIGIFORMES,LC,二级,256,256,0,true,
943,Oxyura leucocephala,白头硬尾鸭,white headed duck,Anatidae,鸭科,ANSERIFORMES,EN,一级,217,217,0,true,
944,Pandion haliaetus,鹗,osprey,Pandionidae,鹗科,ACCIPITRIFORMES,LC,二级,815,765,50,true,"英文名由Western Osprey改为Osprey（Monti et al. 2015; Monti et. al. 2018; HBW/BirdLife, Clements）"
945,Panurus biarmicus,文须雀,bearded reedling,Panuridae,文须雀科,PASSERIFORMES,LC,,462,462,0,true,
946,Paradoxornis aemodius,红嘴鸦雀,great parrotbill,Paradoxornithidae,鸦雀科,PASSERIFORMES,LC,,183,183,0,true,由Conostoma属移入Paradoxornis属（Cai et al. 2019），其学名由Conostoma aemodium修订为Paradoxornis aemodius
948,Paradoxornis gularis,灰头鸦雀,grey headed parrotbill,Paradoxornithidae,鸦雀科,PASSERIFORMES,LC,,320,320,0,true,由Psittiparus属移入Paradoxornis属（Cai et al. 2019）
949,Paradoxornis guttaticollis,点胸鸦雀,spot breasted parrotbill,Paradoxornithidae,鸦雀科,PASSERIFORMES,LC,,97,97,0,true,
950,Paradoxornis heudei,震旦鸦雀,reed parrotbill,Paradoxornithidae,鸦雀科,PASSERIFORMES,NT,二级,628,628,0,true,由Calamornis属移入Paradoxornis属（Cai et al. 2019）
951,Paradoxornis paradoxus,三趾鸦雀,three toed parrotbill,Paradoxornithidae,鸦雀科,PASSERIFORMES,LC,二级,138,138,0,true,由Cholornis属移入Paradoxornis属（Cai et al. 2019）
953,Paradoxornis unicolor,褐鸦雀,brown parrotbill,Paradoxornithidae,鸦雀科,PASSERIFORMES,LC,,170,170,0,true,由Cholornis属移入Paradoxornis属（Cai et al. 2019）
954,Parayuhina diademata,白领凤鹛,white collared yuhina,Zosteropidae,绣眼鸟科,PASSERIFORMES,LC,,352,352,0,true,
955,Pardaliparus venustulus,黄腹山雀,yellow bellied tit,Paridae,山雀科,PASSERIFORMES,LC,,1036,1036,0,true,
956,Parus cinereus,大山雀,cinereous tit,Paridae,山雀科,PASSERIFORMES,NR,,3812,3812,0,true,中文名由远东山雀恢复为大山雀，学名由Parus minor改为Parus cinereus
957,Parus major,欧亚大山雀,great tit,Paridae,山雀科,PASSERIFORMES,LC,,350,308,42,true,中文名由大山雀改为欧亚大山雀
958,Parus monticolus,绿背山雀,green backed tit,Paridae,山雀科,PASSERIFORMES,LC,,611,611,0,true,
959,Passer ammodendri,黑顶麻雀,saxaul sparrow,Passeridae,雀科,PASSERIFORMES,LC,,100,100,0,true,
960,Passer cinnamomeus,山麻雀,russet sparrow,Passeridae,雀科,PASSERIFORMES,LC,,699,699,0,true,
961,Passer domesticus,家麻雀,house sparrow,Passeridae,雀科,PASSERIFORMES,LC,,526,488,38,true,
962,Passer hispaniolensis,黑胸麻雀,spanish sparrow,Passeridae,雀科,PASSERIFORMES,LC,,92,57,35,true,
963,Passer montanus,麻雀,eurasian tree sparrow,Passeridae,雀科,PASSERIFORMES,LC,,5042,5042,0,true,
965,Pastor roseus,粉红椋鸟,rosy starling,Sturnidae,椋鸟科,PASSERIFORMES,LC,,81,81,0,true,
966,Pavo muticus,绿孔雀,green peafowl,Phasianidae,雉科,GALLIFORMES,EN,一级,134,134,0,true,
967,Pelargopsis capensis,鹳嘴翡翠,stork billed kingfisher,Alcedinidae,翠鸟科,CORACIIFORMES,LC,二级,274,274,0,true,
968,Pelecanus crispus,卷羽鹈鹕,dalmatian pelican,Pelecanidae,鹈鹕科,PELECANIFORMES,NT,一级,640,640,0,true,
969,Pelecanus onocrotalus,白鹈鹕,great white pelican,Pelecanidae,鹈鹕科,PELECANIFORMES,LC,一级,201,201,0,true,
970,Pelecanus philippensis,斑嘴鹈鹕,spot billed pelican,Pelecanidae,鹈鹕科,PELECANIFORMES,NT,一级,81,34,47,true,
972,Pellorneum ruficeps,棕头幽鹛,puff throated babbler,Pellorneidae,幽鹛科,PASSERIFORMES,LC,,119,119,0,true,
973,Pellorneum tickelli,棕胸雅鹛,buff breasted babbler,Pellorneidae,幽鹛科,PASSERIFORMES,LC,,84,84,0,true,
974,Perdix dauurica,斑翅山鹑,daurian partridge,Phasianidae,雉科,GALLIFORMES,LC,,199,199,0,true,
975,Perdix hodgsoniae,高原山鹑,tibetan partridge,Phasianidae,雉科,GALLIFORMES,LC,,212,212,0,true,
976,Perdix perdix,灰山鹑,grey partridge,Phasianidae,雉科,GALLIFORMES,LC,,82,43,39,true,
977,Pericrocotus brevirostris,短嘴山椒鸟,short billed minivet,Campephagidae,鹃鵙科,PASSERIFORMES,LC,,104,104,0,true,
978,Pericrocotus cantonensis,小灰山椒鸟,swinhoe's minivet,Campephagidae,鹃鵙科,PASSERIFORMES,LC,,446,446,0,true,
979,Pericrocotus divaricatus,灰山椒鸟,ashy minivet,Campephagidae,鹃鵙科,PASSERIFORMES,LC,,367,367,0,true,
980,Pericrocotus ethologus,长尾山椒鸟,long tailed minivet,Campephagidae,鹃鵙科,PASSERIFORMES,LC,,219,219,0,true,
981,Pericrocotus roseus,粉红山椒鸟,rosy minivet,Campephagidae,鹃鵙科,PASSERIFORMES,LC,,103,103,0,true,
982,Pericrocotus solaris,灰喉山椒鸟,grey chinned minivet,Campephagidae,鹃鵙科,PASSERIFORMES,LC,,912,912,0,true,
983,Pericrocotus speciosus,赤红山椒鸟,scarlet minivet,Campephagidae,鹃鵙科,PASSERIFORMES,LC,,532,532,0,true,
984,Pericrocotus tegimae,琉球山椒鸟,ryukyu minivet,Campephagidae,鹃鵙科,PASSERIFORMES,LC,,169,169,0,true,
985,Periparus ater,煤山雀,coal tit,Paridae,山雀科,PASSERIFORMES,LC,,571,571,0,true,
986,Periparus rubidiventris,黑冠山雀,rufous vented tit,Paridae,山雀科,PASSERIFORMES,LC,,238,238,0,true,
987,Periparus rufonuchalis,棕枕山雀,rufous naped tit,Paridae,山雀科,PASSERIFORMES,LC,,99,46,53,true,
988,Perisoreus infaustus,北噪鸦,siberian jay,Corvidae,鸦科,PASSERIFORMES,LC,,94,94,0,true,
989,Perisoreus internigrans,黑头噪鸦,sichuan jay,Corvidae,鸦科,PASSERIFORMES,NT,一级,94,58,36,true,IUCN红色名录等级由VU降为NT
991,Pernis ptilorhynchus,凤头蜂鹰,crested honey buzzard,Accipitridae,鹰科,ACCIPITRIFORMES,LC,二级,641,641,0,true,
993,Petronia petronia,石雀,rock sparrow,Passeridae,雀科,PASSERIFORMES,LC,,168,168,0,true,
994,Phaenicophaeus tristis,绿嘴地鹃,green billed malkoha,Cuculidae,杜鹃科,CUCULIFORMES,LC,,96,96,0,true,
995,Phaethon aethereus,红嘴鹲,red billed tropicbird,Phaethontidae,鹲科,PHAETHONTIFORMES,LC,,234,234,0,true,
998,Phalacrocorax capillatus,暗绿背鸬鹚,japanese cormorant,Phalacrocoracidae,鸬鹚科,SULIFORMES,LC,,309,309,0,true,
999,Phalacrocorax carbo,普通鸬鹚,great cormorant,Phalacrocoracidae,鸬鹚科,SULIFORMES,LC,,2210,2210,0,true,
1000,Phalaropus fulicarius,灰瓣蹼鹬,red phalarope,Scolopacidae,丘鹬科,CHARADRIIFORMES,LC,,105,105,0,true,
1001,Phalaropus lobatus,红颈瓣蹼鹬,red necked phalarope,Scolopacidae,丘鹬科,CHARADRIIFORMES,LC,,248,248,0,true,
1002,Phasianus colchicus,雉鸡,common pheasant,Phasianidae,雉科,GALLIFORMES,LC,,1168,1168,0,true,
1003,Phodilus badius,栗鸮,oriental bay owl,Tytonidae,仓鸮科,STRIGIFORMES,LC,二级,146,146,0,true,
1004,Phoebastria albatrus,短尾信天翁,short tailed albatross,Diomedeidae,信天翁科,PROCELLARIIFORMES,VU,一级,95,43,52,true,
1006,Phoebastria nigripes,黑脚信天翁,black footed albatross,Diomedeidae,信天翁科,PROCELLARIIFORMES,NT,一级,87,45,42,true,
1007,Phoenicopterus roseus,大红鹳,greater flamingo,Phoenicopteridae,红鹳科,PHOENICOPTERIFORMES,LC,,214,171,43,true,
1008,Phoenicurus alaschanicus,贺兰山红尾鸲,ala shan redstart,Muscicapidae,鹟科,PASSERIFORMES,NT,二级,221,221,0,true,
1009,Phoenicurus auroreus,北红尾鸲,daurian redstart,Muscicapidae,鹟科,PASSERIFORMES,LC,,5174,5174,0,true,
1010,Phoenicurus coeruleocephala,蓝头红尾鸲,blue capped redstart,Muscicapidae,鹟科,PASSERIFORMES,LC,,100,68,32,true,
1011,Phoenicurus erythrogastrus,红腹红尾鸲,white winged redstart,Muscicapidae,鹟科,PASSERIFORMES,LC,,177,177,0,true,
1012,Phoenicurus erythronotus,红背红尾鸲,eversmann's redstart,Muscicapidae,鹟科,PASSERIFORMES,LC,,105,71,34,true,
1013,Phoenicurus frontalis,蓝额红尾鸲,blue fronted redstart,Muscicapidae,鹟科,PASSERIFORMES,LC,,404,404,0,true,
1014,Phoenicurus fuliginosus,红尾水鸲,plumbeous water redstart,Muscicapidae,鹟科,PASSERIFORMES,LC,,2343,2343,0,true,
1015,Phoenicurus hodgsoni,黑喉红尾鸲,hodgson's redstart,Muscicapidae,鹟科,PASSERIFORMES,LC,,183,183,0,true,
1016,Phoenicurus leucocephalus,白顶溪鸲,white capped water redstart,Muscicapidae,鹟科,PASSERIFORMES,LC,,705,705,0,true,
1017,Phoenicurus ochruros,赭红尾鸲,black redstart,Muscicapidae,鹟科,PASSERIFORMES,LC,,361,361,0,true,
1018,Phoenicurus phoenicurus,欧亚红尾鸲,common redstart,Muscicapidae,鹟科,PASSERIFORMES,LC,,95,56,39,true,
1019,Phoenicurus schisticeps,白喉红尾鸲,white throated redstart,Muscicapidae,鹟科,PASSERIFORMES,LC,,327,327,0,true,
1020,Phyllergates cucullatus,金头拟缝叶莺,mountain tailorbird,Cettiidae,树莺科,PASSERIFORMES,LC,,78,46,32,true,中文名由金头缝叶莺改为金头拟缝叶莺
1021,Phylloscopus affinis,黄腹柳莺,tickell's leaf warbler,Phylloscopidae,柳莺科,PASSERIFORMES,LC,,291,291,0,true,
1022,Phylloscopus armandii,棕眉柳莺,yellow streaked warbler,Phylloscopidae,柳莺科,PASSERIFORMES,LC,,141,141,0,true,
1023,Phylloscopus borealis,极北柳莺,arctic warbler,Phylloscopidae,柳莺科,PASSERIFORMES,LC,,383,383,0,true,
1024,Phylloscopus borealoides,库页岛柳莺,sakhalin leaf warbler,Phylloscopidae,柳莺科,PASSERIFORMES,LC,,100,100,0,true,
1025,Phylloscopus burkii,金眶鹟莺,green crowned warbler,Phylloscopidae,柳莺科,PASSERIFORMES,LC,,107,72,35,true,
1027,Phylloscopus cantator,黄胸柳莺,yellow vented warbler,Phylloscopidae,柳莺科,PASSERIFORMES,LC,,89,53,36,true,
1028,Phylloscopus castaniceps,栗头鹟莺,chestnut crowned warbler,Phylloscopidae,柳莺科,PASSERIFORMES,LC,,146,146,0,true,
1029,Phylloscopus chloronotus,淡黄腰柳莺,lemon rumped warbler,Phylloscopidae,柳莺科,PASSERIFORMES,LC,,97,68,29,true,
1030,Phylloscopus claudiae,冠纹柳莺,claudia's leaf warbler,Phylloscopidae,柳莺科,PASSERIFORMES,LC,,155,155,0,true,
1031,Phylloscopus collybita,叽喳柳莺,common chiffchaff,Phylloscopidae,柳莺科,PASSERIFORMES,LC,,289,289,0,true,
1032,Phylloscopus coronatus,冕柳莺,eastern crowned warbler,Phylloscopidae,柳莺科,PASSERIFORMES,LC,,386,386,0,true,
1033,Phylloscopus emeiensis,峨眉柳莺,emei leaf warbler,Phylloscopidae,柳莺科,PASSERIFORMES,LC,,79,69,10,true,
1034,Phylloscopus examinandus,堪察加柳莺,kamchatka leaf warbler,Phylloscopidae,柳莺科,PASSERIFORMES,LC,,105,70,35,true,
1035,Phylloscopus forresti,四川柳莺,sichuan leaf warbler,Phylloscopidae,柳莺科,PASSERIFORMES,LC,,109,109,0,true,
1036,Phylloscopus fuligiventer,烟柳莺,smoky warbler,Phylloscopidae,柳莺科,PASSERIFORMES,LC,,90,90,0,true,
1037,Phylloscopus fuscatus,褐柳莺,dusky warbler,Phylloscopidae,柳莺科,PASSERIFORMES,LC,,633,633,0,true,
1038,Phylloscopus goodsoni,华南冠纹柳莺,hartert's leaf warbler,Phylloscopidae,柳莺科,PASSERIFORMES,LC,,211,211,0,true,
1039,Phylloscopus griseolus,灰柳莺,sulphur bellied warbler,Phylloscopidae,柳莺科,PASSERIFORMES,LC,,105,73,32,true,
1040,Phylloscopus hainanus,海南柳莺,hainan leaf warbler,Phylloscopidae,柳莺科,PASSERIFORMES,VU,,100,67,33,true,
1041,Phylloscopus humei,淡眉柳莺,hume's leaf warbler,Phylloscopidae,柳莺科,PASSERIFORMES,LC,,168,168,0,true,
1043,Phylloscopus inornatus,黄眉柳莺,yellow browed warbler,Phylloscopidae,柳莺科,PASSERIFORMES,LC,,791,791,0,true,
1044,Phylloscopus intensior,云南白斑尾柳莺,davison's leaf warbler,Phylloscopidae,柳莺科,PASSERIFORMES,LC,,94,67,27,true,
1045,Phylloscopus intermedius,白眶鹟莺,white spectacled warbler,Phylloscopidae,柳莺科,PASSERIFORMES,LC,,151,151,0,true,
1047,Phylloscopus maculipennis,灰喉柳莺,ashy throated warbler,Phylloscopidae,柳莺科,PASSERIFORMES,LC,,124,124,0,true,
1048,Phylloscopus magnirostris,乌嘴柳莺,large billed leaf warbler,Phylloscopidae,柳莺科,PASSERIFORMES,LC,,161,161,0,true,
1049,Phylloscopus occisinensis,华西柳莺,alpine leaf warbler,Phylloscopidae,柳莺科,PASSERIFORMES,NR,,109,109,0,true,
1050,Phylloscopus ogilviegranti,白斑尾柳莺,kloss's leaf warbler,Phylloscopidae,柳莺科,PASSERIFORMES,LC,,87,63,24,true,
1052,Phylloscopus plumbeitarsus,双斑绿柳莺,two barred warbler,Phylloscopidae,柳莺科,PASSERIFORMES,LC,,184,184,0,true,
1053,Phylloscopus poliogenys,灰脸鹟莺,grey cheeked warbler,Phylloscopidae,柳莺科,PASSERIFORMES,LC,,100,100,0,true,
1054,Phylloscopus proregulus,黄腰柳莺,pallas's leaf warbler,Phylloscopidae,柳莺科,PASSERIFORMES,LC,,1426,1426,0,true,
1055,Phylloscopus pulcher,橙斑翅柳莺,buff barred warbler,Phylloscopidae,柳莺科,PASSERIFORMES,LC,,259,259,0,true,
1056,Phylloscopus reguloides,西南冠纹柳莺,blyth's leaf warbler,Phylloscopidae,柳莺科,PASSERIFORMES,LC,,107,107,0,true,
1057,Phylloscopus ricketti,黑眉柳莺,sulphur breasted warbler,Phylloscopidae,柳莺科,PASSERIFORMES,LC,,133,133,0,true,
1058,Phylloscopus schwarzi,巨嘴柳莺,radde's warbler,Phylloscopidae,柳莺科,PASSERIFORMES,LC,,270,270,0,true,
1059,Phylloscopus sibilatrix,林柳莺,wood warbler,Phylloscopidae,柳莺科,PASSERIFORMES,LC,,133,133,0,true,
1060,Phylloscopus sindianus,东方叽喳柳莺,mountain chiffchaff,Phylloscopidae,柳莺科,PASSERIFORMES,LC,,133,30,103,true,
1061,Phylloscopus soror,淡尾鹟莺,plain tailed warbler,Phylloscopidae,柳莺科,PASSERIFORMES,LC,,86,86,0,true,
1062,Phylloscopus subaffinis,棕腹柳莺,buff throated warbler,Phylloscopidae,柳莺科,PASSERIFORMES,LC,,253,253,0,true,
1063,Phylloscopus tenellipes,淡脚柳莺,pale legged leaf warbler,Phylloscopidae,柳莺科,PASSERIFORMES,LC,,112,112,0,true,英文名由Pale-legged Warbler改为Pale-legged Leaf Warbler
1064,Phylloscopus tephrocephalus,灰冠鹟莺,grey crowned warbler,Phylloscopidae,柳莺科,PASSERIFORMES,LC,,105,68,37,true,
1065,Phylloscopus trochiloides,暗绿柳莺,greenish warbler,Phylloscopidae,柳莺科,PASSERIFORMES,LC,,192,192,0,true,
1066,Phylloscopus trochilus,欧柳莺,willow warbler,Phylloscopidae,柳莺科,PASSERIFORMES,LC,,105,47,58,true,
1067,Phylloscopus valentini,比氏鹟莺,bianchi's warbler,Phylloscopidae,柳莺科,PASSERIFORMES,LC,,108,55,53,true,
1069,Phylloscopus xanthodryas,日本柳莺,japanese leaf warbler,Phylloscopidae,柳莺科,PASSERIFORMES,LC,,103,42,61,true,
1071,Phylloscopus yunnanensis,云南柳莺,chinese leaf warbler,Phylloscopidae,柳莺科,PASSERIFORMES,LC,,148,148,0,true,
1072,Pica bottanensis,青藏喜鹊,black rumped magpie,Corvidae,鸦科,PASSERIFORMES,LC,,229,229,0,true,
1073,Pica pica,欧亚喜鹊,eurasian magpie,Corvidae,鸦科,PASSERIFORMES,LC,,318,318,0,true,
1074,Pica serica,喜鹊,oriental magpie,Corvidae,鸦科,PASSERIFORMES,LC,,4995,4995,0,true,
1075,Picoides tridactylus,三趾啄木鸟,eurasian three toed woodpecker,Picidae,啄木鸟科,PICIFORMES,LC,二级,75,75,0,true,
1076,Picumnus innominatus,斑姬啄木鸟,speckled piculet,Picidae,啄木鸟科,PICIFORMES,LC,,606,606,0,true,
1077,Picus canus,灰头绿啄木鸟,grey headed woodpecker,Picidae,啄木鸟科,PICIFORMES,LC,,1062,1062,0,true,
1078,Picus chlorolophus,黄冠啄木鸟,lesser yellownape,Picidae,啄木鸟科,PICIFORMES,LC,二级,198,198,0,true,
1080,Picus squamatus,鳞腹绿啄木鸟,scaly bellied woodpecker,Picidae,啄木鸟科,PICIFORMES,LC,,95,71,24,true,
1081,Picus vittatus,花腹绿啄木鸟,laced woodpecker,Picidae,啄木鸟科,PICIFORMES,LC,,85,85,0,true,
1083,Pinicola enucleator,松雀,pine grosbeak,Fringillidae,燕雀科,PASSERIFORMES,LC,,94,65,29,true,
1084,Pipilo erythrophthalmus,东方唧鹀,eastern towhee,Passerellidae,美洲雀科,PASSERIFORMES,,,78,0,78,false,
1085,Pitta brachyura,印度八色鸫,indian pitta,Pittidae,八色鸫科,PASSERIFORMES,LC,二级,195,195,0,true,2023年6月15日，四川雅安，殷后盛、刘祯祥、任永红（阙品甲等，2023）
1086,Pitta moluccensis,蓝翅八色鸫,blue winged pitta,Pittidae,八色鸫科,PASSERIFORMES,LC,二级,103,73,30,true,
1087,Pitta nympha,仙八色鸫,fairy pitta,Pittidae,八色鸫科,PASSERIFORMES,VU,二级,265,265,0,true,
1088,Pitta sordida,绿胸八色鸫,hooded pitta,Pittidae,八色鸫科,PASSERIFORMES,LC,二级,102,74,28,true,
1089,Platalea leucorodia,白琵鹭,eurasian spoonbill,Threskiornithidae,鹮科,PELECANIFORMES,LC,二级,973,973,0,true,
1090,Platalea minor,黑脸琵鹭,black faced spoonbill,Threskiornithidae,鹮科,PELECANIFORMES,EN,一级,1156,1156,0,true,
1091,Platycercus elegans,红玫瑰鹦鹉,crimson rosella,Psittaculidae,鹦鹉科,PSITTACIFORMES,,,94,0,94,false,
1092,Plectrophenax nivalis,雪鹀,snow bunting,Calcariidae,铁爪鹀科,PASSERIFORMES,LC,,100,100,0,true,
1093,Plegadis falcinellus,彩鹮,glossy ibis,Threskiornithidae,鹮科,PELECANIFORMES,LC,一级,483,483,0,true,
1096,Pluvialis apricaria,欧金鸻,european golden plover,Charadriidae,鸻科,CHARADRIIFORMES,LC,,97,97,0,true,
1097,Pluvialis dominica,美洲金鸻,american golden plover,Charadriidae,鸻科,CHARADRIIFORMES,LC,,83,83,0,true,
1098,Pluvialis fulva,金斑鸻,pacific golden plover,Charadriidae,鸻科,CHARADRIIFORMES,LC,,458,458,0,true,
1099,Pluvialis squatarola,灰斑鸻,grey plover,Charadriidae,鸻科,CHARADRIIFORMES,VU,,557,557,0,true,IUCN红色名录等级由LC升为VU
1100,Pnoepyga albiventer,鳞胸鹪鹛,scaly breasted cupwing,Pnoepygidae,鳞胸鹪鹛科,PASSERIFORMES,LC,,102,72,30,true,
1102,Pnoepyga immaculata,尼泊尔鹪鹛,nepal cupwing,Pnoepygidae,鳞胸鹪鹛科,PASSERIFORMES,LC,,77,34,43,true,
1103,Pnoepyga pusilla,小鳞胸鹪鹛,pygmy cupwing,Pnoepygidae,鳞胸鹪鹛科,PASSERIFORMES,LC,,108,108,0,true,
1104,Podiceps auritus,角䴙䴘,horned grebe,Podicipedidae,䴙䴘科,PODICIPEDIFORMES,VU,二级,292,292,0,true,
1105,Podiceps cristatus,凤头䴙䴘,great crested grebe,Podicipedidae,䴙䴘科,PODICIPEDIFORMES,LC,,1881,1881,0,true,
1106,Podiceps grisegena,赤颈䴙䴘,red necked grebe,Podicipedidae,䴙䴘科,PODICIPEDIFORMES,LC,二级,206,206,0,true,
1107,Podiceps nigricollis,黑颈䴙䴘,black necked grebe,Podicipedidae,䴙䴘科,PODICIPEDIFORMES,LC,二级,520,520,0,true,
1108,Podoces biddulphi,白尾地鸦,xinjiang ground jay,Corvidae,鸦科,PASSERIFORMES,NT,二级,101,64,37,true,
1109,Podoces hendersoni,黑尾地鸦,mongolian ground jay,Corvidae,鸦科,PASSERIFORMES,LC,二级,78,78,0,true,
1110,Poecile atricapillus,黑头山雀,black capped chickadee,Paridae,山雀科,PASSERIFORMES,,,79,0,79,false,
1111,Poecile davidi,红腹山雀,rusty breasted tit,Paridae,山雀科,PASSERIFORMES,LC,二级,76,76,0,true,
1112,Poecile hypermelaenus,黑喉山雀,black bibbed tit,Paridae,山雀科,PASSERIFORMES,LC,,99,66,33,true,
1113,Poecile montanus,褐头山雀,willow tit,Paridae,山雀科,PASSERIFORMES,LC,,327,327,0,true,
1114,Poecile palustris,沼泽山雀,marsh tit,Paridae,山雀科,PASSERIFORMES,LC,,762,762,0,true,
1115,Poecile superciliosus,白眉山雀,white browed tit,Paridae,山雀科,PASSERIFORMES,LC,二级,79,79,0,true,
1116,Poecile weigoldicus,川褐头山雀,sichuan tit,Paridae,山雀科,PASSERIFORMES,LC,,97,63,34,true,
1117,Poicephalus senegalus,塞内加尔鹦鹉,senegal parrot,Psittacidae,非洲鹦鹉科,PSITTACIFORMES,,,88,0,88,false,
1118,Poliolimnas cinereus,白眉田鸡,white browed crake,Rallidae,秧鸡科,GRUIFORMES,LC,,269,269,0,true,
1119,Polyplectron bicalcaratum,灰孔雀雉,grey peacock pheasant,Phasianidae,雉科,GALLIFORMES,LC,一级,217,217,0,true,
1120,Polyplectron katsumatae,海南孔雀雉,hainan peacock pheasant,Phasianidae,雉科,GALLIFORMES,EN,一级,174,174,0,true,
1122,Pomatorhinus ferruginosus,黑冠钩嘴鹛,black crowned scimitar babbler,Timaliidae,鹛科,PASSERIFORMES,LC,,87,70,17,true,将红嘴钩嘴鹛的ferruginosus亚种提升为独立种Pomatorhinus ferruginosus（Rasmussen & Anderton 2012; del Hoyo & Collar 2016; HBW/BirdLife），中文名为黑冠钩嘴鹛，英文名为Black-crowned Scimitar Babbler
1123,Pomatorhinus musicus,台湾棕颈钩嘴鹛,taiwan scimitar babbler,Timaliidae,鹛科,PASSERIFORMES,LC,,101,37,64,true,
1124,Pomatorhinus ochraceiceps,棕头钩嘴鹛,red billed scimitar babbler,Timaliidae,鹛科,PASSERIFORMES,LC,,87,87,0,true,
1125,Pomatorhinus phayrei,红嘴钩嘴鹛,brown crowned scimitar babbler,Timaliidae,鹛科,PASSERIFORMES,LC,,96,57,39,true,学名由Pomatorhinus ferruginosus改为Pomatorhinus phayrei，英文名由Coral-billed Scimitar Babbler改为Brown-crowned Scimitar Babbler
1126,Pomatorhinus ruficollis,棕颈钩嘴鹛,streak breasted scimitar babbler,Timaliidae,鹛科,PASSERIFORMES,LC,,540,540,0,true,
1127,Pomatorhinus schisticeps,灰头钩嘴鹛,white browed scimitar babbler,Timaliidae,鹛科,PASSERIFORMES,LC,,96,61,35,true,
1128,Pomatorhinus superciliaris,剑嘴鹛,slender billed scimitar babbler,Timaliidae,鹛科,PASSERIFORMES,LC,,106,43,63,true,
1130,Porphyrio poliocephalus,紫水鸡,grey headed swamphen,Rallidae,秧鸡科,GRUIFORMES,NR,二级,306,306,0,true,
1131,Porzana porzana,斑胸田鸡,spotted crake,Rallidae,秧鸡科,GRUIFORMES,LC,,103,43,60,true,
1133,Prinia crinigera,喜山山鹪莺,striated prinia,Cisticolidae,扇尾莺科,PASSERIFORMES,LC,,110,39,71,true,
1134,Prinia flaviventris,黄腹山鹪莺,yellow bellied prinia,Cisticolidae,扇尾莺科,PASSERIFORMES,LC,,335,335,0,true,
1135,Prinia hodgsonii,灰胸山鹪莺,grey breasted prinia,Cisticolidae,扇尾莺科,PASSERIFORMES,LC,,118,36,82,true,
1136,Prinia inornata,纯色山鹪莺,plain prinia,Cisticolidae,扇尾莺科,PASSERIFORMES,LC,,1499,1499,0,true,
1137,Prinia rufescens,暗冕山鹪莺,rufescent prinia,Cisticolidae,扇尾莺科,PASSERIFORMES,LC,,76,76,0,true,
1138,Prinia striata,山鹪莺,striped prinia,Cisticolidae,扇尾莺科,PASSERIFORMES,LC,,105,105,0,true,
1139,Prinia superciliaris,黑喉山鹪莺,hill prinia,Cisticolidae,扇尾莺科,PASSERIFORMES,LC,,141,141,0,true,
1140,Procarduelis nipalensis,暗胸朱雀,dark breasted rosefinch,Fringillidae,燕雀科,PASSERIFORMES,LC,,221,221,0,true,
1141,Progne subis,紫崖燕,purple martin,Hirundinidae,燕科,PASSERIFORMES,,,78,0,78,false,
1142,Prunella atrogularis,黑喉岩鹨,black throated accentor,Prunellidae,岩鹨科,PASSERIFORMES,LC,,91,63,28,true,
1143,Prunella collaris,领岩鹨,alpine accentor,Prunellidae,岩鹨科,PASSERIFORMES,LC,,191,191,0,true,
1144,Prunella fulvescens,褐岩鹨,brown accentor,Prunellidae,岩鹨科,PASSERIFORMES,LC,,239,239,0,true,
1145,Prunella himalayana,高原岩鹨,altai accentor,Prunellidae,岩鹨科,PASSERIFORMES,LC,,108,51,57,true,
1146,Prunella immaculata,栗背岩鹨,maroon backed accentor,Prunellidae,岩鹨科,PASSERIFORMES,LC,,106,106,0,true,
1147,Prunella koslowi,贺兰山岩鹨,mongolian accentor,Prunellidae,岩鹨科,PASSERIFORMES,LC,二级,104,54,50,true,
1148,Prunella montanella,棕眉山岩鹨,siberian accentor,Prunellidae,岩鹨科,PASSERIFORMES,LC,,223,223,0,true,
1149,Prunella rubeculoides,鸲岩鹨,robin accentor,Prunellidae,岩鹨科,PASSERIFORMES,LC,,143,143,0,true,
1150,Prunella strophiata,棕胸岩鹨,rufous breasted accentor,Prunellidae,岩鹨科,PASSERIFORMES,LC,,215,215,0,true,
1151,Psarisomus dalhousiae,长尾阔嘴鸟,long tailed broadbill,Eurylaimidae,阔嘴鸟科,PASSERIFORMES,LC,二级,210,210,0,true,
1154,Pseudopodoces humilis,地山雀,ground tit,Paridae,山雀科,PASSERIFORMES,LC,,230,230,0,true,
1155,Psilopogon asiaticus,蓝喉拟啄木鸟,blue throated barbet,Megalaimidae,拟啄木鸟科,PICIFORMES,LC,,243,243,0,true,
1156,Psilopogon cyanotis,蓝耳拟啄木鸟,blue eared barbet,Megalaimidae,拟啄木鸟科,PICIFORMES,LC,,109,56,53,true,学名由Psilopogon duvaucelii改为Psilopogon cyanotis（del Hoyo & Collar 2014）
1157,Psilopogon faber,黑眉拟啄木鸟,chinese barbet,Megalaimidae,拟啄木鸟科,PICIFORMES,LC,,149,149,0,true,
1158,Psilopogon faiostrictus,黄纹拟啄木鸟,green eared barbet,Megalaimidae,拟啄木鸟科,PICIFORMES,LC,,97,43,54,true,
1159,Psilopogon franklinii,金喉拟啄木鸟,golden throated barbet,Megalaimidae,拟啄木鸟科,PICIFORMES,LC,,112,112,0,true,
1160,Psilopogon haemacephalus,赤胸拟啄木鸟,coppersmith barbet,Megalaimidae,拟啄木鸟科,PICIFORMES,LC,,379,379,0,true,
1162,Psilopogon nuchalis,台湾拟啄木鸟,taiwan barbet,Megalaimidae,拟啄木鸟科,PICIFORMES,LC,,110,39,71,true,
1163,Psilopogon virens,大拟啄木鸟,great barbet,Megalaimidae,拟啄木鸟科,PICIFORMES,LC,,489,489,0,true,
1164,Psittacula alexandri,绯胸鹦鹉,red breasted parakeet,Psittacidae,鹦鹉科,PSITTACIFORMES,NT,二级,94,94,0,true,
1165,Psittacula derbiana,大紫胸鹦鹉,derbyan parakeet,Psittacidae,鹦鹉科,PSITTACIFORMES,LC,二级,256,256,0,true,IUCN红色名录等级由NT降为LC
1166,Psittacula eupatria,亚历山大鹦鹉,alexandrine parakeet,Psittacidae,鹦鹉科,PSITTACIFORMES,NT,二级,384,384,0,true,
1167,Psittacula finschii,灰头鹦鹉,grey headed parakeet,Psittacidae,鹦鹉科,PSITTACIFORMES,NT,二级,103,103,0,true,
1169,Psittacula krameri,红领绿鹦鹉,rose ringed parakeet,Psittacidae,鹦鹉科,PSITTACIFORMES,LC,二级,76,76,0,true,
1170,Psittacula roseata,花头鹦鹉,blossom headed parakeet,Psittacidae,鹦鹉科,PSITTACIFORMES,NT,二级,149,149,0,true,
1171,Psittacus erithacus,非洲灰鹦鹉,grey parrot,Psittacidae,非洲鹦鹉科,PSITTACIFORMES,,,81,0,81,false,
1173,Pterocles orientalis,黑腹沙鸡,black bellied sandgrouse,Pteroclidae,沙鸡科,PTEROCLIFORMES,LC,二级,94,49,45,true,
1175,Pterodroma hypoleuca,白额圆尾鹱,bonin petrel,Procellariidae,鹱科,PROCELLARIIFORMES,LC,,95,68,27,true,
1177,Pterorhinus albogularis,白喉噪鹛,white throated laughingthrush,Leiothrichidae,噪鹛科,PASSERIFORMES,LC,,108,108,0,true,
1178,Pterorhinus berthemyi,棕噪鹛,buffy laughingthrush,Leiothrichidae,噪鹛科,PASSERIFORMES,LC,二级,200,200,0,true,
1179,Pterorhinus caerulatus,灰胁噪鹛,grey sided laughingthrush,Leiothrichidae,噪鹛科,PASSERIFORMES,LC,,103,71,32,true,
1180,Pterorhinus chinensis,黑喉噪鹛,black throated laughingthrush,Leiothrichidae,噪鹛科,PASSERIFORMES,LC,二级,311,311,0,true,
1181,Pterorhinus courtoisi,靛冠噪鹛,blue crowned laughingthrush,Leiothrichidae,噪鹛科,PASSERIFORMES,CR,一级,137,137,0,true,
1182,Pterorhinus davidi,山噪鹛,plain laughingthrush,Leiothrichidae,噪鹛科,PASSERIFORMES,LC,,340,340,0,true,
1185,Pterorhinus koslowi,棕草鹛,tibetan babax,Leiothrichidae,噪鹛科,PASSERIFORMES,LC,二级,94,65,29,true,IUCN红色名录等级由NT降为LC
1186,Pterorhinus lanceolatus,矛纹草鹛,chinese babax,Leiothrichidae,噪鹛科,PASSERIFORMES,LC,,156,156,0,true,
1187,Pterorhinus pectoralis,黑领噪鹛,greater necklaced laughingthrush,Leiothrichidae,噪鹛科,PASSERIFORMES,LC,,410,410,0,true,
1188,Pterorhinus perspicillatus,黑脸噪鹛,masked laughingthrush,Leiothrichidae,噪鹛科,PASSERIFORMES,LC,,1425,1425,0,true,
1189,Pterorhinus poecilorhynchus,台湾棕噪鹛,rusty laughingthrush,Leiothrichidae,噪鹛科,PASSERIFORMES,LC,,76,76,0,true,
1191,Pterorhinus ruficollis,栗颈噪鹛,rufous necked laughingthrush,Leiothrichidae,噪鹛科,PASSERIFORMES,LC,,107,58,49,true,
1192,Pterorhinus sannio,白颊噪鹛,white browed laughingthrush,Leiothrichidae,噪鹛科,PASSERIFORMES,LC,,1356,1356,0,true,
1193,Pterorhinus waddelli,大草鹛,giant babax,Leiothrichidae,噪鹛科,PASSERIFORMES,LC,二级,79,79,0,true,IUCN红色名录等级由NT降为LC
1194,Pteruthius aeralatus,红翅鵙鹛,white browed shrike babbler,Vireonidae,莺雀科,PASSERIFORMES,LC,,93,93,0,true,英文名由Blyth's Shrike Babbler改为White-browed Shrike-babbler
1195,Pteruthius intermedius,栗额鵙鹛,clicking shrike babbler,Vireonidae,莺雀科,PASSERIFORMES,NR,,102,36,66,true,
1196,Pteruthius melanotis,栗喉鵙鹛,black eared shrike babbler,Vireonidae,莺雀科,PASSERIFORMES,LC,,106,42,64,true,
1198,Pteruthius xanthochlorus,淡绿鵙鹛,green shrike babbler,Vireonidae,莺雀科,PASSERIFORMES,LC,,103,67,36,true,
1200,Ptyonoprogne concolor,纯色岩燕,dusky crag martin,Hirundinidae,燕科,PASSERIFORMES,LC,,96,42,54,true,
1201,Ptyonoprogne rupestris,岩燕,eurasian crag martin,Hirundinidae,燕科,PASSERIFORMES,LC,,244,244,0,true,
1202,Pucrasia macrolopha,勺鸡,koklass pheasant,Phasianidae,雉科,GALLIFORMES,LC,二级,179,179,0,true,
1204,Pycnonotus aurigaster,白喉红臀鹎,sooty headed bulbul,Pycnonotidae,鹎科,PASSERIFORMES,LC,,1170,1170,0,true,
1205,Pycnonotus cafer,黑喉红臀鹎,red vented bulbul,Pycnonotidae,鹎科,PASSERIFORMES,LC,,257,257,0,true,
1207,Pycnonotus finlaysoni,纹喉鹎,stripe throated bulbul,Pycnonotidae,鹎科,PASSERIFORMES,LC,,95,31,64,true,
1208,Pycnonotus flavescens,黄绿鹎,flavescent bulbul,Pycnonotidae,鹎科,PASSERIFORMES,LC,,103,103,0,true,
1209,Pycnonotus goiavier,白眉黄臀鹎,yellow vented bulbul,Pycnonotidae,鹎科,PASSERIFORMES,LC,,89,89,0,true,
1210,Pycnonotus jocosus,红耳鹎,red whiskered bulbul,Pycnonotidae,鹎科,PASSERIFORMES,LC,,1812,1812,0,true,
1211,Pycnonotus leucogenys,白颊鹎,himalayan bulbul,Pycnonotidae,鹎科,PASSERIFORMES,LC,,111,58,53,true,
1212,Pycnonotus sinensis,白头鹎,light vented bulbul,Pycnonotidae,鹎科,PASSERIFORMES,LC,,7280,7280,0,true,
1213,Pycnonotus taivanus,台湾鹎,styan's bulbul,Pycnonotidae,鹎科,PASSERIFORMES,VU,二级,105,37,68,true,
1214,Pycnonotus xanthorrhous,黄臀鹎,brown breasted bulbul,Pycnonotidae,鹎科,PASSERIFORMES,LC,,897,897,0,true,
1215,Pygoscelis papua,巴布亚企鹅,gentoo penguin,Spheniscidae,企鹅科,SPHENISCIFORMES,,,86,0,86,false,
1216,Pyrgilauda blanfordi,棕背雪雀,blanford's snowfinch,Passeridae,雀科,PASSERIFORMES,LC,,107,72,35,true,
1217,Pyrgilauda davidiana,黑喉雪雀,père david's snowfinch,Passeridae,雀科,PASSERIFORMES,LC,,104,51,53,true,
1218,Pyrgilauda ruficollis,棕颈雪雀,rufous necked snowfinch,Passeridae,雀科,PASSERIFORMES,LC,,217,217,0,true,
1219,Pyrrhocorax graculus,黄嘴山鸦,alpine chough,Corvidae,鸦科,PASSERIFORMES,LC,,396,396,0,true,
1220,Pyrrhocorax pyrrhocorax,红嘴山鸦,red billed chough,Corvidae,鸦科,PASSERIFORMES,LC,,540,540,0,true,
1221,Pyrrhoplectes epauletta,金枕黑雀,gold naped finch,Fringillidae,燕雀科,PASSERIFORMES,LC,,105,105,0,true,
1222,Pyrrhula erythaca,灰头灰雀,grey headed bullfinch,Fringillidae,燕雀科,PASSERIFORMES,LC,,237,237,0,true,
1223,Pyrrhula erythrocephala,红头灰雀,red headed bullfinch,Fringillidae,燕雀科,PASSERIFORMES,LC,,110,49,61,true,
1224,Pyrrhula nipalensis,褐灰雀,brown bullfinch,Fringillidae,燕雀科,PASSERIFORMES,LC,,114,114,0,true,
1226,Pyrrhula pyrrhula,红腹灰雀,eurasian bullfinch,Fringillidae,燕雀科,PASSERIFORMES,LC,,368,368,0,true,
1227,Quiscalus quiscula,普通拟八哥,common grackle,Icteridae,拟鹂科,PASSERIFORMES,,,77,0,77,false,
1228,Rallina eurizonoides,白喉斑秧鸡,slaty legged crake,Rallidae,秧鸡科,GRUIFORMES,LC,,78,78,0,true,
1230,Rallus aquaticus,西方秧鸡,water rail,Rallidae,秧鸡科,GRUIFORMES,LC,,191,191,0,true,
1231,Rallus indicus,普通秧鸡,brown cheeked rail,Rallidae,秧鸡科,GRUIFORMES,LC,,466,466,0,true,
1232,Ramphastos sulfuratus,厚嘴巨嘴鸟,keel billed toucan,Ramphastidae,巨嘴鸟科,PICIFORMES,,,79,0,79,false,
1233,Recurvirostra avosetta,反嘴鹬,pied avocet,Recurvirostridae,反嘴鹬科,CHARADRIIFORMES,LC,,1061,1061,0,true,
1234,Regulus goodfellowi,台湾戴菊,flamecrest,Regulidae,戴菊科,PASSERIFORMES,LC,,112,41,71,true,
1235,Regulus regulus,戴菊,goldcrest,Regulidae,戴菊科,PASSERIFORMES,LC,,485,485,0,true,
1236,Remiz consobrinus,中华攀雀,chinese penduline tit,Remizidae,攀雀科,PASSERIFORMES,LC,,471,471,0,true,
1237,Remiz coronatus,白冠攀雀,white crowned penduline tit,Remizidae,攀雀科,PASSERIFORMES,LC,,182,182,0,true,
1240,Rhea americana,美洲鸵,greater rhea,Rheidae,美洲鸵科,RHEIFORMES,,,78,0,78,false,
1241,Rhipidura albicollis,白喉扇尾鹟,white throated fantail,Rhipiduridae,扇尾鹟科,PASSERIFORMES,LC,,208,208,0,true,
1245,Rhodospiza obsoleta,巨嘴沙雀,desert finch,Fringillidae,燕雀科,PASSERIFORMES,LC,,113,113,0,true,
1247,Rhopophilus albosuperciliaris,西域山鹛,tarim babbler,Paradoxornithidae,鸦雀科,PASSERIFORMES,LC,,84,84,0,true,
1248,Rhopophilus pekinensis,山鹛,beijing hill babbler,Paradoxornithidae,鸦雀科,PASSERIFORMES,LC,,215,215,0,true,
1249,Rhyticeros undulatus,花冠皱盔犀鸟,wreathed hornbill,Bucerotidae,犀鸟科,BUCEROTIFORMES,VU,一级,192,192,0,true,
1250,Riparia chinensis,灰喉沙燕,grey throated martin,Hirundinidae,燕科,PASSERIFORMES,LC,,88,88,0,true,中文名由褐喉沙燕改为灰喉沙燕
1251,Riparia diluta,淡色沙燕,pale martin,Hirundinidae,燕科,PASSERIFORMES,LC,,216,216,0,true,
1252,Riparia riparia,崖沙燕,sand martin,Hirundinidae,燕科,PASSERIFORMES,LC,,277,277,0,true,
1253,Rissa tridactyla,三趾鸥,black legged kittiwake,Laridae,鸥科,CHARADRIIFORMES,VU,,484,484,0,true,
1254,Rostratula benghalensis,彩鹬,greater painted snipe,Rostratulidae,彩鹬科,CHARADRIIFORMES,LC,,381,381,0,true,
1255,Rubigula flaviventris,黑冠黄鹎,black crested bulbul,Pycnonotidae,鹎科,PASSERIFORMES,LC,,90,90,0,true,
1256,Rupicola peruvianus,安第斯冠伞鸟,andean cock of the rock,Cotingidae,伞鸟科,PASSERIFORMES,,,93,0,93,false,
1257,Sagittarius serpentarius,蛇鹫,secretarybird,Sagittariidae,蛇鹫科,ACCIPITRIFORMES,,,78,0,78,false,
1259,Sarkidiornis melanotos,瘤鸭,knob billed duck,Anatidae,鸭科,ANSERIFORMES,LC,,221,221,0,true,
1260,Saroglossa spilopterus,斑翅椋鸟,spot winged starling,Sturnidae,椋鸟科,PASSERIFORMES,LC,,93,37,56,true,
1261,Sasia ochracea,白眉棕啄木鸟,white browed piculet,Picidae,啄木鸟科,PICIFORMES,LC,,108,108,0,true,
1262,Saundersilarus saundersi,黑嘴鸥,saunders's gull,Laridae,鸥科,CHARADRIIFORMES,VU,一级,473,473,0,true,由Chroicocephalus属移入Saundersilarus属（Pons et al. 2005; Černý and Natale 2022）
1263,Saxicola caprata,白斑黑石䳭,pied bushchat,Muscicapidae,鹟科,PASSERIFORMES,LC,,98,50,48,true,
1264,Saxicola ferreus,灰林䳭,grey bushchat,Muscicapidae,鹟科,PASSERIFORMES,LC,,247,247,0,true,
1266,Saxicola jerdoni,黑白林䳭,jerdon's bushchat,Muscicapidae,鹟科,PASSERIFORMES,LC,,98,71,27,true,
1267,Saxicola maurus,黑喉石䳭,siberian stonechat,Muscicapidae,鹟科,PASSERIFORMES,NR,,263,263,0,true,
1269,Saxicola stejnegeri,东亚石䳭,stejneger's stonechat,Muscicapidae,鹟科,PASSERIFORMES,NR,,1106,1106,0,true,
1270,Schoeniparus brunneus,褐顶雀鹛,dusky fulvetta,Pellorneidae,幽鹛科,PASSERIFORMES,LC,,90,90,0,true,
1271,Schoeniparus castaneceps,栗头雀鹛,rufous winged fulvetta,Pellorneidae,幽鹛科,PASSERIFORMES,LC,,79,79,0,true,
1272,Schoeniparus cinereus,黄喉雀鹛,yellow throated fulvetta,Pellorneidae,幽鹛科,PASSERIFORMES,LC,,99,53,46,true,
1273,Schoeniparus dubius,褐胁雀鹛,rusty capped fulvetta,Pellorneidae,幽鹛科,PASSERIFORMES,LC,,163,163,0,true,
1275,Schoeniparus variegaticeps,金额雀鹛,golden fronted fulvetta,Pellorneidae,幽鹛科,PASSERIFORMES,LC,一级,95,68,27,true,IUCN红色名录等级由VU降为LC
1276,Scolopax rusticola,丘鹬,eurasian woodcock,Scolopacidae,丘鹬科,CHARADRIIFORMES,LC,,218,218,0,true,
1277,Serilophus lunatus,银胸丝冠鸟,silver breasted broadbill,Eurylaimidae,阔嘴鸟科,PASSERIFORMES,LC,二级,139,139,0,true,
1279,Serinus pusillus,金额丝雀,red fronted serin,Fringillidae,燕雀科,PASSERIFORMES,LC,,106,106,0,true,
1280,Setophaga petechia,黄林莺,american yellow warbler,Parulidae,森莺科,PASSERIFORMES,,,82,0,82,false,
1281,Sibirionetta formosa,花脸鸭,baikal teal,Anatidae,鸭科,ANSERIFORMES,LC,二级,645,645,0,true,
1282,Sitta cinnamoventris,栗腹䴓,chestnut bellied nuthatch,Sittidae,䴓科,PASSERIFORMES,LC,,95,68,27,true,
1283,Sitta europaea,普通䴓,eurasian nuthatch,Sittidae,䴓科,PASSERIFORMES,LC,,271,271,0,true,
1285,Sitta frontalis,绒额䴓,velvet fronted nuthatch,Sittidae,䴓科,PASSERIFORMES,LC,,94,94,0,true,
1286,Sitta himalayensis,白尾䴓,white tailed nuthatch,Sittidae,䴓科,PASSERIFORMES,LC,,114,114,0,true,
1288,Sitta nagaensis,栗臀䴓,chestnut vented nuthatch,Sittidae,䴓科,PASSERIFORMES,LC,,146,146,0,true,
1289,Sitta przewalskii,白脸䴓,przevalski's nuthatch,Sittidae,䴓科,PASSERIFORMES,LC,,101,41,60,true,
1290,Sitta solangiae,淡紫䴓,yellow billed nuthatch,Sittidae,䴓科,PASSERIFORMES,NT,,123,40,83,true,
1291,Sitta villosa,黑头䴓,chinese nuthatch,Sittidae,䴓科,PASSERIFORMES,LC,,406,406,0,true,
1292,Sitta yunnanensis,滇䴓,yunnan nuthatch,Sittidae,䴓科,PASSERIFORMES,LC,二级,135,135,0,true,IUCN红色名录等级由NT降为LC
1293,Sittiparus castaneoventris,台湾杂色山雀,chestnut bellied tit,Paridae,山雀科,PASSERIFORMES,LC,,124,36,88,true,
1294,Sittiparus varius,杂色山雀,varied tit,Paridae,山雀科,PASSERIFORMES,LC,,95,66,29,true,
1295,Spatula clypeata,琵嘴鸭,northern shoveler,Anatidae,鸭科,ANSERIFORMES,LC,,1020,1020,0,true,
1296,Spatula discors,蓝翅鸭,blue winged teal,Anatidae,鸭科,ANSERIFORMES,,,89,0,89,false,
1297,Spatula querquedula,白眉鸭,garganey,Anatidae,鸭科,ANSERIFORMES,LC,,490,490,0,true,
1298,Spelaeornis badeigularis,锈喉鹩鹛,rusty throated wren babbler,Timaliidae,鹛科,PASSERIFORMES,NT,,93,36,57,true,IUCN红色名录等级由VU降为NT，2022年4月13日，西藏墨脱，陈阳阳
1300,Spelaeornis reptatus,灰腹鹩鹛,long tailed wren babbler,Timaliidae,鹛科,PASSERIFORMES,LC,,78,52,26,true,中文名由长尾鹩鹛改为灰腹鹩鹛
1301,Spelaeornis troglodytoides,斑翅鹩鹛,bar winged wren babbler,Timaliidae,鹛科,PASSERIFORMES,LC,,94,94,0,true,
1302,Spheniscus demersus,非洲企鹅,african penguin,Spheniscidae,企鹅科,SPHENISCIFORMES,,,88,0,88,false,
1303,Spilopelia chinensis,珠颈斑鸠,spotted dove,Columbidae,鸠鸽科,COLUMBIFORMES,LC,,5217,5217,0,true,
1304,Spilopelia senegalensis,棕斑鸠,laughing dove,Columbidae,鸠鸽科,COLUMBIFORMES,LC,,86,57,29,true,
1305,Spilornis cheela,蛇雕,crested serpent eagle,Accipitridae,鹰科,ACCIPITRIFORMES,LC,二级,713,713,0,true,
1306,Spinus spinus,黄雀,eurasian siskin,Fringillidae,燕雀科,PASSERIFORMES,LC,,1194,1194,0,true,
1307,Spinus thibetanus,藏黄雀,tibetan serin,Fringillidae,燕雀科,PASSERIFORMES,LC,,166,166,0,true,
1308,Spizixos canifrons,凤头雀嘴鹎,crested finchbill,Pycnonotidae,鹎科,PASSERIFORMES,LC,,212,212,0,true,
1309,Spizixos semitorques,领雀嘴鹎,collared finchbill,Pycnonotidae,鹎科,PASSERIFORMES,LC,,1955,1955,0,true,
1310,Spodiopsar cineraceus,灰椋鸟,white cheeked starling,Sturnidae,椋鸟科,PASSERIFORMES,LC,,2221,2221,0,true,
1311,Spodiopsar sericeus,丝光椋鸟,red billed starling,Sturnidae,椋鸟科,PASSERIFORMES,LC,,2243,2243,0,true,
1313,Stachyris nigriceps,黑头穗鹛,grey throated babbler,Timaliidae,鹛科,PASSERIFORMES,LC,,122,122,0,true,
1314,Stachyris nonggangensis,弄岗穗鹛,nonggang babbler,Timaliidae,鹛科,PASSERIFORMES,VU,二级,123,123,0,true,
1316,Stachyris strialata,斑颈穗鹛,spot necked babbler,Timaliidae,鹛科,PASSERIFORMES,LC,,107,107,0,true,
1317,Staphida castaniceps,栗耳凤鹛,striated yuhina,Zosteropidae,绣眼鸟科,PASSERIFORMES,LC,,107,107,0,true,
1318,Staphida torqueola,栗颈凤鹛,chestnut collared yuhina,Zosteropidae,绣眼鸟科,PASSERIFORMES,LC,,290,290,0,true,
1319,Stercorarius longicaudus,长尾贼鸥,long tailed jaeger,Stercorariidae,贼鸥科,CHARADRIIFORMES,LC,,143,143,0,true,
1321,Stercorarius parasiticus,短尾贼鸥,parasitic jaeger,Stercorariidae,贼鸥科,CHARADRIIFORMES,LC,,97,97,0,true,
1322,Stercorarius pomarinus,中贼鸥,pomarine jaeger,Stercorariidae,贼鸥科,CHARADRIIFORMES,LC,,219,219,0,true,
1324,Sterna aurantia,黄嘴河燕鸥,river tern,Laridae,鸥科,CHARADRIIFORMES,VU,一级,131,131,0,true,
1325,Sterna dougallii,粉红燕鸥,roseate tern,Laridae,鸥科,CHARADRIIFORMES,LC,,92,92,0,true,
1326,Sterna hirundo,普通燕鸥,common tern,Laridae,鸥科,CHARADRIIFORMES,LC,,595,595,0,true,
1327,Sterna sumatrana,黑枕燕鸥,black naped tern,Laridae,鸥科,CHARADRIIFORMES,LC,,149,149,0,true,
1328,Sternula albifrons,白额燕鸥,little tern,Laridae,鸥科,CHARADRIIFORMES,LC,,320,320,0,true,
1329,Streptopelia decaocto,灰斑鸠,eurasian collared dove,Columbidae,鸠鸽科,COLUMBIFORMES,LC,,460,460,0,true,
1330,Streptopelia orientalis,山斑鸠,oriental turtle dove,Columbidae,鸠鸽科,COLUMBIFORMES,LC,,2309,2309,0,true,
1331,Streptopelia tranquebarica,火斑鸠,red collared dove,Columbidae,鸠鸽科,COLUMBIFORMES,LC,,227,227,0,true,
1332,Streptopelia turtur,欧斑鸠,european turtle dove,Columbidae,鸠鸽科,COLUMBIFORMES,VU,,168,168,0,true,
1333,Strix leptogrammica,褐林鸮,brown wood owl,Strigidae,鸱鸮科,STRIGIFORMES,LC,二级,112,51,61,true,
1334,Strix nebulosa,乌林鸮,great grey owl,Strigidae,鸱鸮科,STRIGIFORMES,LC,二级,111,41,70,true,
1335,Strix nivicolum,灰林鸮,himalayan owl,Strigidae,鸱鸮科,STRIGIFORMES,LC,二级,115,115,0,true,
1336,Strix uralensis,长尾林鸮,ural owl,Strigidae,鸱鸮科,STRIGIFORMES,LC,二级,100,48,52,true,
1337,Struthio camelus,非洲鸵鸟,common ostrich,Struthionidae,鸵鸟科,STRUTHIONIFORMES,,,91,0,91,false,
1338,Sturnia malabarica,灰头椋鸟,chestnut tailed starling,Sturnidae,椋鸟科,PASSERIFORMES,LC,,95,95,0,true,
1339,Sturnia pagodarum,黑冠椋鸟,brahminy starling,Sturnidae,椋鸟科,PASSERIFORMES,LC,,80,35,45,true,
1340,Sturnia sinensis,灰背椋鸟,white shouldered starling,Sturnidae,椋鸟科,PASSERIFORMES,LC,,221,221,0,true,
1341,Sturnus vulgaris,紫翅椋鸟,common starling,Sturnidae,椋鸟科,PASSERIFORMES,LC,,522,441,81,true,
1342,Sula dactylatra,蓝脸鲣鸟,masked booby,Sulidae,鲣鸟科,SULIFORMES,LC,二级,204,204,0,true,
1343,Sula leucogaster,褐鲣鸟,brown booby,Sulidae,鲣鸟科,SULIFORMES,LC,二级,78,78,0,true,
1344,Sula sula,红脚鲣鸟,red footed booby,Sulidae,鲣鸟科,SULIFORMES,LC,二级,129,129,0,true,
1345,Surnia ulula,猛鸮,northern hawk owl,Strigidae,鸱鸮科,STRIGIFORMES,LC,二级,122,38,84,true,
1346,Surniculus lugubris,乌鹃,square tailed drongo cuckoo,Cuculidae,杜鹃科,CUCULIFORMES,LC,,88,88,0,true,
1347,Suthora alphonsiana,灰喉鸦雀,ashy throated parrotbill,Paradoxornithidae,鸦雀科,PASSERIFORMES,LC,,228,228,0,true,由Sinosuthora属移入Suthora属（Cai et al. 2019）
1348,Suthora atrosuperciliaris,黑眉鸦雀,lesser rufous headed parrotbill,Paradoxornithidae,鸦雀科,PASSERIFORMES,LC,,108,33,75,true,由Chleuasicus属移入Suthora属（Cai et al. 2019）
1349,Suthora brunnea,褐翅鸦雀,brown winged parrotbill,Paradoxornithidae,鸦雀科,PASSERIFORMES,LC,,156,156,0,true,由Sinosuthora属移入Suthora属（Cai et al. 2019）
1350,Suthora conspicillata,白眶鸦雀,spectacled parrotbill,Paradoxornithidae,鸦雀科,PASSERIFORMES,LC,二级,143,143,0,true,由Sinosuthora属移入Suthora属（Cai et al. 2019）
1351,Suthora davidiana,短尾鸦雀,short tailed parrotbill,Paradoxornithidae,鸦雀科,PASSERIFORMES,LC,二级,90,90,0,true,由Neosuthora属移入Suthora属（Cai et al. 2019）
1352,Suthora fulvifrons,黄额鸦雀,fulvous parrotbill,Paradoxornithidae,鸦雀科,PASSERIFORMES,LC,,87,87,0,true,
1353,Suthora nipalensis,橙额鸦雀,black throated parrotbill,Paradoxornithidae,鸦雀科,PASSERIFORMES,LC,,76,76,0,true,
1356,Suthora verreauxi,金色鸦雀,golden parrotbill,Paradoxornithidae,鸦雀科,PASSERIFORMES,LC,,102,102,0,true,
1357,Suthora webbiana,棕头鸦雀,vinous throated parrotbill,Paradoxornithidae,鸦雀科,PASSERIFORMES,LC,,2280,2280,0,true,由Sinosuthora属移入Suthora属（Cai et al. 2019）
1358,Suthora zappeyi,暗色鸦雀,grey hooded parrotbill,Paradoxornithidae,鸦雀科,PASSERIFORMES,VU,二级,91,57,34,true,由Sinosuthora属移入Suthora属（Cai et al. 2019）
1360,Sylviparus modestus,黄眉林雀,yellow browed tit,Paridae,山雀科,PASSERIFORMES,LC,,217,217,0,true,
1361,Synoicus chinensis,蓝胸鹑,king quail,Phasianidae,雉科,GALLIFORMES,LC,,145,145,0,true,
1362,Synthliboramphus antiquus,扁嘴海雀,ancient murrelet,Alcidae,海雀科,CHARADRIIFORMES,LC,,86,86,0,true,
1364,Syrmaticus ellioti,白颈长尾雉,elliot's pheasant,Phasianidae,雉科,GALLIFORMES,LC,一级,348,348,0,true,IUCN红色名录等级由NT降为LC
1365,Syrmaticus humiae,黑颈长尾雉,mrs hume's pheasant,Phasianidae,雉科,GALLIFORMES,VU,一级,144,144,0,true,IUCN红色名录等级由NT升为VU
1366,Syrmaticus mikado,黑长尾雉,mikado pheasant,Phasianidae,雉科,GALLIFORMES,LC,一级,199,199,0,true,IUCN红色名录等级由NT降为LC
1367,Syrmaticus reevesii,白冠长尾雉,reeves's pheasant,Phasianidae,雉科,GALLIFORMES,VU,一级,185,185,0,true,
1368,Syrrhaptes paradoxus,毛腿沙鸡,pallas's sandgrouse,Pteroclidae,沙鸡科,PTEROCLIFORMES,LC,,82,82,0,true,
1369,Syrrhaptes tibetanus,西藏毛腿沙鸡,tibetan sandgrouse,Pteroclidae,沙鸡科,PTEROCLIFORMES,LC,,103,50,53,true,
1370,Tachybaptus ruficollis,小䴙䴘,little grebe,Podicipedidae,䴙䴘科,PODICIPEDIFORMES,LC,,4940,4940,0,true,
1372,Tachyspiza badia,褐耳鹰,shikra,Accipitridae,鹰科,ACCIPITRIFORMES,LC,二级,159,159,0,true,由Accipiter属移入重新恢复的Tachyspiza属，学名由Accipiter badius改为Tachyspiza badia（Lerner & Mindell 2005；Mindell et al. 2018；Catanach et al.2024）。
1373,Tachyspiza gularis,日本松雀鹰,japanese sparrowhawk,Accipitridae,鹰科,ACCIPITRIFORMES,LC,二级,297,297,0,true,由Accipiter属移入重新恢复的Tachyspiza属（Lerner & Mindell 2005；Mindell et al. 2018；Catanach et al.2024）。
1374,Tachyspiza soloensis,赤腹鹰,chinese sparrowhawk,Accipitridae,鹰科,ACCIPITRIFORMES,LC,二级,399,399,0,true,由Accipiter属移入重新恢复的Tachyspiza属（Lerner & Mindell 2005；Mindell et al. 2018；Catanach et al.2024）。
1375,Tachyspiza virgata,松雀鹰,besra,Accipitridae,鹰科,ACCIPITRIFORMES,LC,二级,477,477,0,true,由Accipiter属移入重新恢复的Tachyspiza属，学名由Accipiter virgatus改为Tachyspiza virgata（Lerner & Mindell 2005；Mindell et al. 2018；Catanach et al.2024）。
1377,Tadorna ferruginea,赤麻鸭,ruddy shelduck,Anatidae,鸭科,ANSERIFORMES,LC,,3667,3667,0,true,
1378,Tadorna tadorna,翘鼻麻鸭,common shelduck,Anatidae,鸭科,ANSERIFORMES,LC,,511,511,0,true,
1379,Taenioptynx brodiei,领鸺鹠,collared owlet,Strigidae,鸱鸮科,STRIGIFORMES,LC,二级,143,143,0,true,
1380,Tarsiger albocoeruleus,祁连山蓝尾鸲,qilian blutetail,Muscicapidae,鹟科,PASSERIFORMES,NR,,96,96,0,true,将红胁蓝尾鸲的 albocoeruleus亚种提升为独立种祁连山蓝尾鸲Tarsiger albocoeruleus（Wei et al. 2022）
1381,Tarsiger chrysaeus,金色林鸲,golden bush robin,Muscicapidae,鹟科,PASSERIFORMES,LC,,146,146,0,true,
1382,Tarsiger cyanurus,红胁蓝尾鸲,orange flanked bluetail,Muscicapidae,鹟科,PASSERIFORMES,LC,,2772,2772,0,true,
1384,Tarsiger hyperythrus,棕腹林鸲,rufous breasted bush robin,Muscicapidae,鹟科,PASSERIFORMES,LC,二级,95,47,48,true,
1385,Tarsiger indicus,白眉林鸲,white browed bush robin,Muscicapidae,鹟科,PASSERIFORMES,LC,,138,138,0,true,
1386,Tarsiger johnstoniae,台湾林鸲,collared bush robin,Muscicapidae,鹟科,PASSERIFORMES,LC,,102,49,53,true,
1387,Tarsiger rufilatus,蓝眉林鸲,himalayan bluetail,Muscicapidae,鹟科,PASSERIFORMES,LC,,429,429,0,true,
1388,Temnurus temnurus,塔尾树鹊,ratchet tailed treepie,Corvidae,鸦科,PASSERIFORMES,LC,,93,64,29,true,
1389,Tephrodornis virgatus,钩嘴林鵙,large woodshrike,Vangidae,钩嘴鵙科,PASSERIFORMES,LC,,191,191,0,true,
1391,Terpsiphone atrocaudata,紫寿带,japanese paradise flycatcher,Monarchidae,王鹟科,PASSERIFORMES,LC,,360,360,0,true,IUCN红色名录等级由NT降为LC
1392,Terpsiphone incei,寿带,amur paradise flycatcher,Monarchidae,王鹟科,PASSERIFORMES,LC,,153,153,0,true,
1393,Terpsiphone paradisi,印度寿带,indian paradise flycatcher,Monarchidae,王鹟科,PASSERIFORMES,LC,,149,149,0,true,中文名由印缅寿带改为印度寿带
1394,Tesia cyaniventer,灰腹地莺,grey bellied tesia,Cettiidae,树莺科,PASSERIFORMES,LC,,78,78,0,true,
1395,Tesia olivea,金冠地莺,slaty bellied tesia,Cettiidae,树莺科,PASSERIFORMES,LC,,88,64,24,true,
1396,Tetrao urogalloides,黑嘴松鸡,black billed capercaillie,Phasianidae,雉科,GALLIFORMES,LC,一级,82,64,18,true,
1399,Tetraogallus himalayensis,暗腹雪鸡,himalayan snowcock,Phasianidae,雉科,GALLIFORMES,LC,二级,82,82,0,true,
1400,Tetraogallus tibetanus,藏雪鸡,tibetan snowcock,Phasianidae,雉科,GALLIFORMES,LC,二级,217,217,0,true,
1401,Tetraophasis obscurus,红喉雉鹑,chestnut throated monal partridge,Phasianidae,雉科,GALLIFORMES,LC,一级,144,144,0,true,中文名由雉鹑改为红喉雉鹑
1402,Tetraophasis szechenyii,黄喉雉鹑,buff throated monal partridge,Phasianidae,雉科,GALLIFORMES,LC,一级,126,126,0,true,
1403,Tetrastes bonasia,花尾榛鸡,hazel grouse,Phasianidae,雉科,GALLIFORMES,LC,二级,127,127,0,true,
1404,Tetrastes sewerzowi,斑尾榛鸡,chinese grouse,Phasianidae,雉科,GALLIFORMES,NT,一级,117,117,0,true,
1405,Tetrax tetrax,小鸨,little bustard,Otididae,鸨科,OTIDIFORMES,NT,一级,97,68,29,true,
1406,Thalasseus bengalensis,小凤头燕鸥,lesser crested tern,Laridae,鸥科,CHARADRIIFORMES,LC,,106,39,67,true,
1407,Thalasseus bergii,大凤头燕鸥,greater crested tern,Laridae,鸥科,CHARADRIIFORMES,LC,二级,225,225,0,true,
1408,Thalasseus bernsteini,中华凤头燕鸥,chinese crested tern,Laridae,鸥科,CHARADRIIFORMES,CR,一级,130,130,0,true,
1409,Thalasseus sandvicensis,白嘴端凤头燕鸥,sandwich tern,Laridae,鸥科,CHARADRIIFORMES,LC,,121,36,85,true,
1410,Threskiornis melanocephalus,黑头白鹮,black headed ibis,Threskiornithidae,鹮科,PELECANIFORMES,LC,一级,126,35,91,true,IUCN红色名录等级由NT降为LC
1411,Thryothorus ludovicianus,卡罗鹪鹩,carolina wren,Troglodytidae,鹪鹩科,PASSERIFORMES,,,84,0,84,false,
1412,Tichodroma muraria,红翅旋壁雀,wallcreeper,Tichodromidae,旋壁雀科,PASSERIFORMES,LC,,409,409,0,true,
1414,Timalia pileata,红顶鹛,chestnut capped babbler,Timaliidae,鹛科,PASSERIFORMES,LC,,87,87,0,true,
1415,Tockus erythrorhynchus,红嘴弯嘴犀鸟,northern red billed hornbill,Bucerotidae,犀鸟科,BUCEROTIFORMES,,,84,0,84,false,
1416,Todiramphus chloris,白领翡翠,collared kingfisher,Alcedinidae,翠鸟科,CORACIIFORMES,LC,,94,66,28,true,
1418,Tragopan caboti,黄腹角雉,cabot's tragopan,Phasianidae,雉科,GALLIFORMES,VU,一级,422,422,0,true,
1420,Tragopan satyra,红胸角雉,satyr tragopan,Phasianidae,雉科,GALLIFORMES,LC,一级,270,270,0,true,IUCN红色名录等级由NT降为LC
1421,Tragopan temminckii,红腹角雉,temminck's tragopan,Phasianidae,雉科,GALLIFORMES,LC,二级,209,209,0,true,
1422,Treron apicauda,针尾绿鸠,pin tailed green pigeon,Columbidae,鸠鸽科,COLUMBIFORMES,LC,二级,91,66,25,true,
1423,Treron bicinctus,橙胸绿鸠,orange breasted green pigeon,Columbidae,鸠鸽科,COLUMBIFORMES,LC,二级,124,32,92,true,
1424,Treron curvirostra,厚嘴绿鸠,thick billed green pigeon,Columbidae,鸠鸽科,COLUMBIFORMES,LC,二级,197,197,0,true,
1425,Treron formosae,红顶绿鸠,taiwan green pigeon,Columbidae,鸠鸽科,COLUMBIFORMES,NT,二级,89,31,58,true,
1426,Treron phayrei,灰头绿鸠,ashy headed green pigeon,Columbidae,鸠鸽科,COLUMBIFORMES,NT,二级,95,59,36,true,
1427,Treron phoenicopterus,黄脚绿鸠,yellow footed green pigeon,Columbidae,鸠鸽科,COLUMBIFORMES,LC,二级,121,41,80,true,
1429,Treron sieboldii,红翅绿鸠,white bellied green pigeon,Columbidae,鸠鸽科,COLUMBIFORMES,LC,二级,406,406,0,true,
1430,Treron sphenurus,楔尾绿鸠,wedge tailed green pigeon,Columbidae,鸠鸽科,COLUMBIFORMES,LC,二级,189,189,0,true,
1431,Trichoglossus moluccanus,彩虹吸蜜鹦鹉,rainbow lorikeet,Psittaculidae,鹦鹉科,PSITTACIFORMES,,,82,0,82,false,
1432,Tringa brevipes,灰尾漂鹬,grey tailed tattler,Scolopacidae,丘鹬科,CHARADRIIFORMES,LC,,335,335,0,true,IUCN红色名录等级由NT降为LC
1433,Tringa erythropus,鹤鹬,spotted redshank,Scolopacidae,丘鹬科,CHARADRIIFORMES,LC,,779,779,0,true,
1434,Tringa flavipes,小黄脚鹬,lesser yellowlegs,Scolopacidae,丘鹬科,CHARADRIIFORMES,VU,,100,100,0,true,
1435,Tringa glareola,林鹬,wood sandpiper,Scolopacidae,丘鹬科,CHARADRIIFORMES,LC,,874,874,0,true,
1436,Tringa guttifer,小青脚鹬,nordmann's greenshank,Scolopacidae,丘鹬科,CHARADRIIFORMES,EN,一级,100,100,0,true,
1438,Tringa nebularia,青脚鹬,common greenshank,Scolopacidae,丘鹬科,CHARADRIIFORMES,LC,,1382,1382,0,true,
1439,Tringa ochropus,白腰草鹬,green sandpiper,Scolopacidae,丘鹬科,CHARADRIIFORMES,LC,,1016,1016,0,true,
1440,Tringa stagnatilis,泽鹬,marsh sandpiper,Scolopacidae,丘鹬科,CHARADRIIFORMES,LC,,482,482,0,true,
1441,Tringa totanus,红脚鹬,common redshank,Scolopacidae,丘鹬科,CHARADRIIFORMES,LC,,607,607,0,true,
1442,Trochalopteron affine,黑顶噪鹛,black faced laughingthrush,Leiothrichidae,噪鹛科,PASSERIFORMES,LC,,160,160,0,true,
1443,Trochalopteron chrysopterum,金翅噪鹛,assam laughingthrush,Leiothrichidae,噪鹛科,PASSERIFORMES,LC,,100,41,59,true,
1444,Trochalopteron elliotii,橙翅噪鹛,elliot's laughingthrush,Leiothrichidae,噪鹛科,PASSERIFORMES,LC,二级,563,563,0,true,
1445,Trochalopteron erythrocephalum,红头噪鹛,chestnut crowned laughingthrush,Leiothrichidae,噪鹛科,PASSERIFORMES,LC,,115,115,0,true,
1446,Trochalopteron formosum,丽色噪鹛,red winged laughingthrush,Leiothrichidae,噪鹛科,PASSERIFORMES,LC,二级,80,42,38,true,
1447,Trochalopteron henrici,灰腹噪鹛,brown cheeked laughingthrush,Leiothrichidae,噪鹛科,PASSERIFORMES,LC,,223,223,0,true,
1448,Trochalopteron imbricatum,丽星噪鹛,bhutan laughingthrush,Leiothrichidae,噪鹛科,PASSERIFORMES,LC,,87,87,0,true,
1449,Trochalopteron lineatum,细纹噪鹛,streaked laughingthrush,Leiothrichidae,噪鹛科,PASSERIFORMES,LC,,96,66,30,true,
1450,Trochalopteron melanostigma,银耳噪鹛,silver eared laughingthrush,Leiothrichidae,噪鹛科,PASSERIFORMES,LC,,86,34,52,true,
1451,Trochalopteron milnei,赤尾噪鹛,red tailed laughingthrush,Leiothrichidae,噪鹛科,PASSERIFORMES,LC,二级,100,68,32,true,
1453,Trochalopteron squamatum,蓝翅噪鹛,blue winged laughingthrush,Leiothrichidae,噪鹛科,PASSERIFORMES,LC,,107,74,33,true,
1454,Trochalopteron subunicolor,纯色噪鹛,scaly laughingthrush,Leiothrichidae,噪鹛科,PASSERIFORMES,LC,,79,79,0,true,
1455,Trochalopteron variegatum,杂色噪鹛,variegated laughingthrush,Leiothrichidae,噪鹛科,PASSERIFORMES,LC,,105,105,0,true,
1456,Troglodytes troglodytes,鹪鹩,eurasian wren,Troglodytidae,鹪鹩科,PASSERIFORMES,LC,,327,327,0,true,
1457,Tropicoperdix chloropus,绿脚树鹧鸪,green legged partridge,Phasianidae,雉科,GALLIFORMES,LC,二级,116,55,61,true,
1458,Turdus albocinctus,白颈鸫,white collared blackbird,Turdidae,鸫科,PASSERIFORMES,LC,,79,79,0,true,
1459,Turdus atrogularis,黑喉鸫,black throated thrush,Turdidae,鸫科,PASSERIFORMES,LC,,324,324,0,true,中文名由黑颈鸫改为黑喉鸫
1460,Turdus boulboul,灰翅鸫,grey winged blackbird,Turdidae,鸫科,PASSERIFORMES,LC,,205,205,0,true,
1461,Turdus cardis,乌灰鸫,japanese thrush,Turdidae,鸫科,PASSERIFORMES,LC,,457,457,0,true,
1462,Turdus chrysolaus,赤胸鸫,brown headed thrush,Turdidae,鸫科,PASSERIFORMES,LC,,98,98,0,true,
1463,Turdus dissimilis,黑胸鸫,black breasted thrush,Turdidae,鸫科,PASSERIFORMES,LC,,228,228,0,true,
1464,Turdus eunomus,斑鸫,dusky thrush,Turdidae,鸫科,PASSERIFORMES,LC,,989,989,0,true,
1465,Turdus feae,褐头鸫,grey sided thrush,Turdidae,鸫科,PASSERIFORMES,VU,二级,84,50,34,true,
1466,Turdus hortulorum,灰背鸫,grey backed thrush,Turdidae,鸫科,PASSERIFORMES,LC,,1267,1267,0,true,
1467,Turdus iliacus,白眉歌鸫,redwing,Turdidae,鸫科,PASSERIFORMES,NT,,110,110,0,true,
1468,Turdus kessleri,棕背黑头鸫,kessler's thrush,Turdidae,鸫科,PASSERIFORMES,LC,,148,148,0,true,
1469,Turdus mandarinus,乌鸫,chinese blackbird,Turdidae,鸫科,PASSERIFORMES,LC,,5199,5199,0,true,
1470,Turdus maximus,藏乌鸫,tibetan blackbird,Turdidae,鸫科,PASSERIFORMES,LC,,82,39,43,true,
1471,Turdus merula,欧乌鸫,common blackbird,Turdidae,鸫科,PASSERIFORMES,LC,,140,94,46,true,
1472,Turdus migratorius,旅鸫,american robin,Turdidae,鸫科,PASSERIFORMES,LC,,196,154,42,true,2024年10月30日，黑龙江哈尔滨，哈尔滨鸟友
1473,Turdus mupinensis,宝兴歌鸫,chinese thrush,Turdidae,鸫科,PASSERIFORMES,LC,,221,221,0,true,
1474,Turdus naumanni,红尾斑鸫,naumann's thrush,Turdidae,鸫科,PASSERIFORMES,LC,,1207,1207,0,true,中文名由红尾鸫改为红尾斑鸫
1475,Turdus niveiceps,白头鸫,taiwan thrush,Turdidae,鸫科,PASSERIFORMES,LC,,94,68,26,true,
1476,Turdus obscurus,白眉鸫,eyebrowed thrush,Turdidae,鸫科,PASSERIFORMES,LC,,395,395,0,true,
1477,Turdus pallidus,白腹鸫,pale thrush,Turdidae,鸫科,PASSERIFORMES,LC,,1116,1116,0,true,
1478,Turdus philomelos,欧歌鸫,song thrush,Turdidae,鸫科,PASSERIFORMES,LC,,81,46,35,true,
1479,Turdus pilaris,田鸫,fieldfare,Turdidae,鸫科,PASSERIFORMES,LC,,141,141,0,true,
1480,Turdus rubrocanus,灰头鸫,chestnut thrush,Turdidae,鸫科,PASSERIFORMES,LC,,301,301,0,true,
1481,Turdus ruficollis,赤颈鸫,red throated thrush,Turdidae,鸫科,PASSERIFORMES,LC,,592,592,0,true,
1483,Turdus viscivorus,槲鸫,mistle thrush,Turdidae,鸫科,PASSERIFORMES,LC,,130,130,0,true,
1484,Turnix suscitator,棕三趾鹑,barred buttonquail,Turnicidae,三趾鹑科,CHARADRIIFORMES,LC,,166,166,0,true,
1486,Turnix tanki,黄脚三趾鹑,yellow legged buttonquail,Turnicidae,三趾鹑科,CHARADRIIFORMES,LC,,82,82,0,true,
1487,Tyto javanica,仓鸮,barn owl,Tytonidae,仓鸮科,STRIGIFORMES,LC,二级,199,199,0,true,
1488,Tyto longimembris,草鸮,eastern grass owl,Tytonidae,仓鸮科,STRIGIFORMES,LC,二级,83,43,40,true,
1489,Upupa epops,戴胜,common hoopoe,Upupidae,戴胜科,BUCEROTIFORMES,LC,,2079,2079,0,true,
1491,Urile pelagicus,海鸬鹚,pelagic cormorant,Phalacrocoracidae,鸬鹚科,SULIFORMES,LC,二级,108,108,0,true,
1492,Urile urile,红脸鸬鹚,red faced cormorant,Phalacrocoracidae,鸬鹚科,SULIFORMES,LC,,151,151,0,true,
1493,Urocissa caerulea,台湾蓝鹊,taiwan blue magpie,Corvidae,鸦科,PASSERIFORMES,LC,,182,182,0,true,
1494,Urocissa erythroryncha,红嘴蓝鹊,red billed blue magpie,Corvidae,鸦科,PASSERIFORMES,LC,,2602,2602,0,true,
1495,Urocissa flavirostris,黄嘴蓝鹊,yellow billed blue magpie,Corvidae,鸦科,PASSERIFORMES,LC,,87,87,0,true,
1496,Urocissa whiteheadi,白翅蓝鹊,white winged magpie,Corvidae,鸦科,PASSERIFORMES,EN,,102,71,31,true,
1497,Urocynchramus pylzowi,朱鹀,pink tailed rosefinch,Urocynchramidae,朱鹀科,PASSERIFORMES,LC,二级,188,188,0,true,
1498,Urosphena squameiceps,鳞头树莺,asian stubtail,Cettiidae,树莺科,PASSERIFORMES,LC,,312,312,0,true,
1499,Vanellus cinereus,灰头麦鸡,grey headed lapwing,Charadriidae,鸻科,CHARADRIIFORMES,LC,,900,900,0,true,
1500,Vanellus duvaucelii,距翅麦鸡,river lapwing,Charadriidae,鸻科,CHARADRIIFORMES,NT,,90,90,0,true,
1502,Vanellus indicus,肉垂麦鸡,red wattled lapwing,Charadriidae,鸻科,CHARADRIIFORMES,LC,,85,85,0,true,
1504,Vanellus vanellus,凤头麦鸡,northern lapwing,Charadriidae,鸻科,CHARADRIIFORMES,NT,,677,677,0,true,
1506,Xenus cinereus,翘嘴鹬,terek sandpiper,Scolopacidae,丘鹬科,CHARADRIIFORMES,LC,,324,324,0,true,
1508,Yuhina brunneiceps,褐头凤鹛,taiwan yuhina,Zosteropidae,绣眼鸟科,PASSERIFORMES,LC,,89,41,48,true,
1509,Yuhina flavicollis,黄颈凤鹛,whiskered yuhina,Zosteropidae,绣眼鸟科,PASSERIFORMES,LC,,142,142,0,true,
1510,Yuhina gularis,纹喉凤鹛,stripe throated yuhina,Zosteropidae,绣眼鸟科,PASSERIFORMES,LC,,140,140,0,true,
1511,Yuhina nigrimenta,黑颏凤鹛,black chinned yuhina,Zosteropidae,绣眼鸟科,PASSERIFORMES,LC,,167,167,0,true,
1512,Yuhina occipitalis,棕臀凤鹛,rufous vented yuhina,Zosteropidae,绣眼鸟科,PASSERIFORMES,LC,,90,60,30,true,
1513,Yungipicus canicapillus,星头啄木鸟,grey capped pygmy woodpecker,Picidae,啄木鸟科,PICIFORMES,LC,,1114,1114,0,true,
1514,Yungipicus kizuki,小星头啄木鸟,japanese pygmy woodpecker,Picidae,啄木鸟科,PICIFORMES,LC,,79,79,0,true,
1515,Zapornia akool,红脚田鸡,brown crake,Rallidae,秧鸡科,GRUIFORMES,LC,,361,361,0,true,中文名由红脚苦恶鸟改为红脚田鸡
1516,Zapornia bicolor,棕背田鸡,black tailed crake,Rallidae,秧鸡科,GRUIFORMES,LC,二级,304,304,0,true,
1517,Zapornia fusca,红胸田鸡,ruddy breasted crake,Rallidae,秧鸡科,GRUIFORMES,LC,,121,121,0,true,
1518,Zapornia parva,姬田鸡,little crake,Rallidae,秧鸡科,GRUIFORMES,LC,二级,104,57,47,true,
1519,Zapornia paykullii,斑胁田鸡,band bellied crake,Rallidae,秧鸡科,GRUIFORMES,NT,二级,208,208,0,true,
1520,Zapornia pusilla,小田鸡,baillon's crake,Rallidae,秧鸡科,GRUIFORMES,LC,,232,232,0,true,
1522,Zoothera aurea,虎斑地鸫,white's thrush,Turdidae,鸫科,PASSERIFORMES,LC,,559,559,0,true,中文名由怀氏虎斑地鸫改为虎斑地鸫
1523,Zoothera dauma,小虎斑地鸫,scaly thrush,Turdidae,鸫科,PASSERIFORMES,LC,,81,44,37,true,中文名由虎斑地鸫改为小虎斑地鸫
1524,Zoothera dixoni,长尾地鸫,long tailed thrush,Turdidae,鸫科,PASSERIFORMES,LC,,102,102,0,true,
1526,Zoothera marginata,长嘴地鸫,dark sided thrush,Turdidae,鸫科,PASSERIFORMES,LC,,103,68,35,true,
1527,Zoothera mollissima,淡背地鸫,alpine thrush,Turdidae,鸫科,PASSERIFORMES,LC,,89,89,0,true,中文名由光背地鸫改为淡背地鸫
1530,Zosterops erythropleurus,红胁绣眼鸟,chestnut flanked white eye,Zosteropidae,绣眼鸟科,PASSERIFORMES,LC,二级,318,318,0,true,
1531,Zosterops japonicus,日本绣眼鸟,japanese white eye,Zosteropidae,绣眼鸟科,PASSERIFORMES,LC,,160,160,0,true,
1532,Zosterops meyeni,低地绣眼鸟,lowland white eye,Zosteropidae,绣眼鸟科,PASSERIFORMES,LC,,78,78,0,true,
1533,Zosterops palpebrosus,灰腹绣眼鸟,indian white eye,Zosteropidae,绣眼鸟科,PASSERIFORMES,LC,,163,163,0,true,
1534,Zosterops simplex,暗绿绣眼鸟,swinhoe's white eye,Zosteropidae,绣眼鸟科,PASSERIFORMES,LC,,1823,1823,0,true,
